City,State,Eastern Time,Source,DailyTempMax,DailyTempMin,DailyDewPointMax,DailyDewPointMin,DailyRH Max,DailyMin RH,DailyBPMax,DailyBPMin,DailyPrecip,DailyWindMax,DailyWindMaxDir
Berkeley Twp.,NJ,2019-12-04,Mesonet,37,28.0,33,25,90,76,29.6,29.56,0.0,11,WSW
Berkeley Twp.,NJ,2019-12-03,Mesonet,40,28.0,32,16,98,43,29.61,29.48,0.01,31,WNW
Berkeley Twp.,NJ,2019-12-02,Mesonet,42,32.0,41,31,98,93,29.5,29.37,0.21,23,N
Berkeley Twp.,NJ,2019-12-01,Mesonet,49,23.0,47,18,97,60,29.97,29.32,0.89,45,NE
Berkeley Twp.,NJ,2019-11-30,Mesonet,44,23.0,24,15,84,34,30.06,29.94,0.0,11,N
Berkeley Twp.,NJ,2019-11-29,Mesonet,43,26.0,28,19,81,44,30.19,30.04,0.0,19,NW
Berkeley Twp.,NJ,2019-11-28,Mesonet,55,36.0,34,26,72,42,30.14,29.6,0.0,38,NW
Berkeley Twp.,NJ,2019-11-27,Mesonet,58,31.0,52,30,98,46,30.03,29.54,0.0,34,SW
Berkeley Twp.,NJ,2019-11-26,Mesonet,64,27.0,45,26,97,41,30.03,29.89,0.0,19,SW
Berkeley Twp.,NJ,2019-11-25,Mesonet,55,30.0,41,27,96,53,29.91,29.62,0.0,14,WSW
Berkeley Twp.,NJ,2019-11-24,Mesonet,56,38.0,55,31,99,64,29.63,29.22,0.58,31,W
Berkeley Twp.,NJ,2019-11-23,Mesonet,45,23.0,38,19,96,41,30.05,29.63,0.02,12,WSW
Berkeley Twp.,NJ,2019-11-22,Mesonet,55,36.0,48,22,93,51,29.98,29.67,0.02,19,WNW
Berkeley Twp.,NJ,2019-11-21,Mesonet,55,27.0,40,24,96,45,30.17,29.96,0.0,16,NW
Berkeley Twp.,NJ,2019-11-20,Mesonet,49,34.0,36,26,90,45,30.08,29.81,0.0,25,NNW
Berkeley Twp.,NJ,2019-11-19,Mesonet,52,34.0,42,34,99,61,29.84,29.67,0.05,14,W
Berkeley Twp.,NJ,2019-11-18,Mesonet,42,38.0,40,34,98,77,29.93,29.67,0.34,24,NE
Berkeley Twp.,NJ,2019-11-17,Mesonet,42,34.0,38,22,90,51,30.32,29.92,0.0,28,NNE
Berkeley Twp.,NJ,2019-11-16,Mesonet,42,31.0,28,13,72,33,30.38,30.18,0.0,35,NE
Berkeley Twp.,NJ,2019-11-15,Mesonet,54,29.0,30,22,89,32,30.26,30.09,0.0,15,NW
Berkeley Twp.,NJ,2019-11-14,Mesonet,47,12.0,30,9,91,45,30.42,30.25,0.0,20,SW
Berkeley Twp.,NJ,2019-11-13,Mesonet,35,17.0,17,2,85,30,30.41,30.15,0.0,25,NNW
Berkeley Twp.,NJ,2019-11-12,Mesonet,57,25.0,49,2,95,34,30.16,29.66,0.04,28,W
Berkeley Twp.,NJ,2019-11-11,Mesonet,67,29.0,53,27,93,43,30.06,29.77,0.0,18,SSW
Berkeley Twp.,NJ,2019-11-10,Mesonet,56,19.0,36,17,90,38,30.14,29.97,0.0,18,SW
Berkeley Twp.,NJ,2019-11-09,Mesonet,44,15.0,26,11,90,35,30.33,30.14,0.0,15,S
Berkeley Twp.,NJ,2019-11-08,Mesonet,42,27.0,36,11,85,29,30.31,29.97,0.0,28,WNW
Berkeley Twp.,NJ,2019-11-07,Mesonet,58,28.0,49,25,95,58,30.32,29.94,0.01,20,NW
Berkeley Twp.,NJ,2019-11-06,Mesonet,56,29.0,42,20,98,26,30.38,30.17,0.0,19,NW
Berkeley Twp.,NJ,2019-11-05,Mesonet,63,31.0,58,29,98,61,30.24,30.07,0.02,18,WSW
Berkeley Twp.,NJ,2019-11-04,Mesonet,59,23.0,39,21,94,34,30.35,30.23,0.0,21,S
Berkeley Twp.,NJ,2019-11-04,Mesonet,59,23.0,39,21,94,34,30.35,30.23,0.0,21,S
Berkeley Twp.,NJ,2019-11-03,Mesonet,54,28.0,35,25,96,38,30.24,30.01,0.0,21,NW
Berkeley Twp.,NJ,2019-11-02,Mesonet,57,27.0,43,26,96,52,30.21,30.0,0.0,12,SE
Berkeley Twp.,NJ,2019-11-01,Mesonet,56,33.0,68,29,93,38,30.21,29.51,0.27,31,WNW
Berkeley Twp.,NJ,2019-10-31,Mesonet,68,,68,60,99,83,30.07,29.52,0.05,24,S
Berkeley Twp.,NJ,2019-10-30,Mesonet,65,60.0,64,60,99,94,30.23,30.07,0.11,13,ENE
Berkeley Twp.,NJ,2019-10-29,Mesonet,64,53.0,62,52,99,87,30.25,30.19,0.22,14,ENE
Berkeley Twp.,NJ,2019-10-28,Mesonet,67,43.0,53,41,97,53,30.18,29.88,0.0,20,NE
Berkeley Twp.,NJ,2019-10-27,Mesonet,71,55.0,70,49,97,74,30.17,29.65,1.67,29,SE
Berkeley Twp.,NJ,2019-10-26,Mesonet,64,45.0,55,44,99,51,30.21,30.12,0.0,17,ENE
Berkeley Twp.,NJ,2019-10-25,Mesonet,68,35.0,57,33,97,55,30.29,30.14,0.0,16,S
Berkeley Twp.,NJ,2019-10-24,Mesonet,69,31.0,44,30,97,26,30.32,30.15,0.0,19,SSE
Berkeley Twp.,NJ,2019-10-23,Mesonet,66,38.0,65,35,98,35,30.15,29.73,0.02,28,WNW
Berkeley Twp.,NJ,2019-10-22,Mesonet,65,53.0,65,50,98,89,30.07,29.74,0.34,21,SE
Berkeley Twp.,NJ,2019-10-21,Mesonet,67,49.0,54,48,96,57,30.08,29.86,0.0,20,NNE
Berkeley Twp.,NJ,2019-10-20,Mesonet,61,33.0,56,31,96,73,30.01,29.87,0.58,25,ENE
Berkeley Twp.,NJ,2019-10-19,Mesonet,63,29.0,45,27,97,36,30.07,29.98,0.0,17,WNW
Berkeley Twp.,NJ,2019-10-18,Mesonet,58,34.0,42,31,94,50,29.99,29.63,0.0,26,W
Berkeley Twp.,NJ,2019-10-17,Mesonet,61,50.0,43,38,71,43,29.64,29.27,0.0,45,WNW
Berkeley Twp.,NJ,2019-10-16,Mesonet,68,37.0,62,34,98,69,30.03,29.18,1.12,45,ESE
Berkeley Twp.,NJ,2019-10-15,Mesonet,69,38.0,47,36,96,34,30.15,30.01,0.0,13,SE
Berkeley Twp.,NJ,2019-10-14,Mesonet,74,45.0,59,41,97,31,30.01,29.89,0.01,20,W
Berkeley Twp.,NJ,2019-10-13,Mesonet,67,46.0,57,43,95,53,30.09,29.95,0.06,17,SE
Berkeley Twp.,NJ,2019-10-12,Mesonet,72,51.0,54,45,86,45,29.97,29.89,0.0,15,NNE
Berkeley Twp.,NJ,2019-10-11,Mesonet,62,53.0,51,34,71,38,30.1,29.97,0.0,26,NE
Berkeley Twp.,NJ,2019-10-10,Mesonet,72,51.0,51,32,93,32,30.18,30.08,0.0,33,NNE
Berkeley Twp.,NJ,2019-10-09,Mesonet,61,52.0,54,47,97,61,30.21,30.11,0.24,25,ENE
Berkeley Twp.,NJ,2019-10-08,Mesonet,64,60.0,58,47,86,57,30.19,30.12,0.0,24,ENE
Berkeley Twp.,NJ,2019-10-07,Mesonet,81,63.0,66,58,92,48,30.22,30.04,0.0,31,SW
Berkeley Twp.,NJ,2019-10-06,Mesonet,72,50.0,63,47,92,70,30.32,30.21,0.0,25,S
Berkeley Twp.,NJ,2019-10-05,Mesonet,62,45.0,48,38,91,46,30.42,30.28,0.0,21,ENE
Berkeley Twp.,NJ,2019-10-04,Mesonet,70,46.0,64,40,99,43,30.29,29.87,0.05,28,NNW
Berkeley Twp.,NJ,2019-10-03,Mesonet,70,60.0,69,58,99,90,30.07,29.89,0.24,22,E
Berkeley Twp.,NJ,2019-10-02,Mesonet,95,67.0,70,64,95,38,29.9,29.74,0.0,30,NNE
Berkeley Twp.,NJ,2019-10-01,Mesonet,83,61.0,67,57,92,56,30.18,29.9,0.0,20,W
Berkeley Twp.,NJ,2019-09-30,Mesonet,70,59.0,60,56,94,63,30.29,30.18,0.0,18,ENE
Berkeley Twp.,NJ,2019-09-29,Mesonet,80,59.0,71,56,98,57,30.24,30.04,0.01,20,ENE
Berkeley Twp.,NJ,2019-09-28,Mesonet,83,50.0,71,47,97,56,30.12,30.0,0.0,21,SSW
Berkeley Twp.,NJ,2019-09-27,Mesonet,76,49.0,60,47,98,47,30.12,29.91,0.0,17,SE
Berkeley Twp.,NJ,2019-09-26,Mesonet,84,51.0,73,49,97,62,29.92,29.65,0.0,24,S
Berkeley Twp.,NJ,2019-09-25,Mesonet,80,44.0,58,42,94,35,29.91,29.81,0.0,17,W
Berkeley Twp.,NJ,2019-09-24,Mesonet,78,55.0,69,49,96,43,29.86,29.74,0.03,22,NW
Berkeley Twp.,NJ,2019-09-23,Mesonet,91,67.0,71,63,92,40,30.0,29.75,0.0,20,WSW
Berkeley Twp.,NJ,2019-09-22,Mesonet,88,52.0,68,52,99,46,30.16,30.0,0.0,18,S
Berkeley Twp.,NJ,2019-09-21,Mesonet,86,48.0,63,47,96,29,30.21,30.13,0.0,14,SSE
Berkeley Twp.,NJ,2019-09-20,Mesonet,78,38.0,55,35,93,32,30.28,30.14,0.0,18,W
Berkeley Twp.,NJ,2019-09-19,Mesonet,68,43.0,50,40,92,44,30.32,30.24,0.0,16,NE
Berkeley Twp.,NJ,2019-09-18,Mesonet,70,50.0,59,46,96,51,30.26,30.09,0.0,26,ENE
Berkeley Twp.,NJ,2019-09-17,Mesonet,76,50.0,66,47,95,37,30.12,30.01,0.0,21,ENE
Berkeley Twp.,NJ,2019-09-16,Mesonet,83,59.0,66,58,99,46,30.05,29.96,0.0,14,ESE
Berkeley Twp.,NJ,2019-09-15,Mesonet,83,62.0,72,62,98,51,30.14,30.04,0.47,12,SSE
Berkeley Twp.,NJ,2019-09-14,Mesonet,78,52.0,68,50,95,62,30.35,30.14,0.0,20,SSW
Berkeley Twp.,NJ,2019-09-13,Mesonet,72,60.0,60,50,85,50,30.42,30.22,0.0,28,ENE
Berkeley Twp.,NJ,2019-09-12,Mesonet,88,64.0,73,59,96,55,30.22,29.96,0.35,24,ENE
Berkeley Twp.,NJ,2019-09-11,Mesonet,91,63.0,74,62,98,50,30.24,30.01,0.0,22,SW
Berkeley Twp.,NJ,2019-09-10,Mesonet,81,57.0,69,56,98,53,30.34,30.24,0.0,16,SSE
Berkeley Twp.,NJ,2019-09-09,Mesonet,80,61.0,68,59,96,54,30.24,30.07,0.0,17,SE
Berkeley Twp.,NJ,2019-09-08,Mesonet,83,51.0,64,49,95,33,30.09,29.89,0.0,16,WNW
Berkeley Twp.,NJ,2019-09-07,Mesonet,79,55.0,58,52,95,42,29.89,29.69,0.0,19,W
Berkeley Twp.,NJ,2019-09-06,Mesonet,69,59.0,63,54,96,73,29.97,29.69,0.27,28,NE
Berkeley Twp.,NJ,2019-09-05,Mesonet,76,64.0,71,56,96,56,30.06,29.93,0.0,19,NE
Berkeley Twp.,NJ,2019-09-04,Mesonet,92,55.0,76,54,99,49,30.0,29.83,0.63,37,WNW
Berkeley Twp.,NJ,2019-09-03,Mesonet,83,58.0,68,55,97,44,30.04,29.92,0.0,17,ENE
Berkeley Twp.,NJ,2019-09-02,Mesonet,90,56.0,74,53,97,44,30.18,29.91,0.03,25,SW
Berkeley Twp.,NJ,2019-09-01,Mesonet,81,56.0,65,50,94,36,30.3,30.18,0.0,19,E
Berkeley Twp.,NJ,2019-08-31,Mesonet,84,56.0,66,53,95,40,30.24,30.06,0.0,18,ESE
Berkeley Twp.,NJ,2019-08-30,Mesonet,90,52.0,66,50,92,34,30.07,29.97,0.0,26,SW
Berkeley Twp.,NJ,2019-08-29,Mesonet,84,58.0,70,51,98,33,29.98,29.79,0.0,22,WSW
Berkeley Twp.,NJ,2019-08-28,Mesonet,74,65.0,72,63,98,75,29.97,29.77,0.11,15,NNE
Berkeley Twp.,NJ,2019-08-27,Mesonet,74,55.0,64,53,95,63,30.11,29.96,0.0,13,E
Berkeley Twp.,NJ,2019-08-26,Mesonet,74,57.0,61,54,93,53,30.19,30.09,0.0,23,ENE
Berkeley Twp.,NJ,2019-08-25,Mesonet,76,56.0,62,53,91,49,30.22,30.15,0.0,28,NE
Berkeley Twp.,NJ,2019-08-24,Mesonet,80,56.0,61,47,94,33,30.19,30.01,0.0,21,NE
Berkeley Twp.,NJ,2019-08-23,Mesonet,75,61.0,72,60,98,72,30.02,29.86,0.16,14,N
Berkeley Twp.,NJ,2019-08-22,Mesonet,92,71.0,73,65,97,44,29.91,29.81,0.0,20,WSW
Berkeley Twp.,NJ,2019-08-21,Mesonet,92,71.0,77,70,99,51,30.02,29.83,0.0,26,SW
Berkeley Twp.,NJ,2019-08-20,Mesonet,87,67.0,73,62,97,48,30.09,29.98,0.0,17,ENE
Berkeley Twp.,NJ,2019-08-19,Mesonet,94,71.0,77,66,99,54,30.01,29.9,0.23,25,SSE
Berkeley Twp.,NJ,2019-08-18,Mesonet,91,70.0,79,68,98,59,30.0,29.94,0.0,22,SSW
Berkeley Twp.,NJ,2019-08-17,Mesonet,88,70.0,76,69,99,60,30.0,29.93,0.0,19,ENE
Berkeley Twp.,NJ,2019-08-16,Mesonet,82,71.0,73,68,97,68,30.01,29.95,0.0,16,ENE
Berkeley Twp.,NJ,2019-08-15,Mesonet,79,68.0,70,66,98,69,30.0,29.88,0.0,17,NE
Berkeley Twp.,NJ,2019-08-14,Mesonet,78,69.0,74,68,99,77,29.9,29.72,0.0,15,ENE
Berkeley Twp.,NJ,2019-08-13,Mesonet,80,73.0,74,63,98,71,29.87,29.74,0.48,21,SW
Berkeley Twp.,NJ,2019-08-12,Mesonet,88,56.0,67,53,95,34,30.0,29.87,0.0,19,WSW
Berkeley Twp.,NJ,2019-08-11,Mesonet,83,52.0,60,49,94,31,30.02,29.91,0.0,17,W
Berkeley Twp.,NJ,2019-08-10,Mesonet,86,56.0,62,51,94,32,29.92,29.78,0.0,27,W
Berkeley Twp.,NJ,2019-08-09,Mesonet,89,65.0,67,52,93,29,29.79,29.69,0.0,22,WSW
Berkeley Twp.,NJ,2019-08-08,Mesonet,89,64.0,74,64,99,47,29.76,29.67,0.07,26,WSW
Berkeley Twp.,NJ,2019-08-07,Mesonet,88,67.0,79,66,98,59,29.83,29.69,0.54,30,SSW
Berkeley Twp.,NJ,2019-08-06,Mesonet,83,68.0,75,67,99,63,29.91,29.8,0.3,18,SSW
Berkeley Twp.,NJ,2019-08-05,Mesonet,82,68.0,72,60,95,61,29.97,29.89,0.0,16,ENE
Berkeley Twp.,NJ,2019-08-04,Mesonet,88,67.0,73,61,98,42,29.93,29.86,0.0,13,SE
Berkeley Twp.,NJ,2019-08-03,Mesonet,85,62.0,75,60,97,62,30.07,29.9,0.08,17,SE
Berkeley Twp.,NJ,2019-08-02,Mesonet,84,62.0,70,58,96,44,30.12,30.06,0.0,14,SSE
Berkeley Twp.,NJ,2019-08-01,Mesonet,87,64.0,71,53,98,33,30.09,29.99,0.0,13,ENE
Berkeley Twp.,NJ,2019-07-31,Mesonet,91,66.0,74,61,98,42,30.04,29.94,0.74,28,NE
Berkeley Twp.,NJ,2019-07-30,Mesonet,94,71.0,75,64,93,40,30.0,29.93,0.0,22,SSE
Berkeley Twp.,NJ,2019-07-29,Mesonet,94,68.0,74,64,95,38,30.02,29.93,0.0,23,SSW
Berkeley Twp.,NJ,2019-07-28,Mesonet,92,66.0,72,60,93,36,30.16,30.0,0.0,17,WSW
Berkeley Twp.,NJ,2019-07-27,Mesonet,87,58.0,69,56,95,42,30.26,30.15,0.0,18,SE
Berkeley Twp.,NJ,2019-07-26,Mesonet,86,58.0,66,55,94,37,30.24,30.14,0.0,17,ESE
Berkeley Twp.,NJ,2019-07-25,Mesonet,85,59.0,67,56,95,38,30.15,29.98,0.0,14,ESE
Berkeley Twp.,NJ,2019-07-24,Mesonet,83,65.0,69,58,98,47,29.99,29.82,0.15,16,N
Berkeley Twp.,NJ,2019-07-23,Mesonet,75,68.0,72,66,97,74,29.88,29.63,1.42,21,SW
Berkeley Twp.,NJ,2019-07-22,Mesonet,95,72.0,79,67,93,48,29.85,29.66,0.01,54,W
Berkeley Twp.,NJ,2019-07-21,Mesonet,99,78.0,79,69,94,39,29.83,29.76,0.0,27,NNW
Berkeley Twp.,NJ,2019-07-20,Mesonet,98,76.0,79,72,96,44,29.88,29.78,0.0,16,WSW
Berkeley Twp.,NJ,2019-07-19,Mesonet,94,72.0,79,72,99,54,29.91,29.82,0.0,19,WSW
Berkeley Twp.,NJ,2019-07-18,Mesonet,90,73.0,80,71,99,60,29.89,29.82,2.01,25,S
Berkeley Twp.,NJ,2019-07-17,Mesonet,97,73.0,79,67,97,39,30.01,29.82,0.14,53,W
Berkeley Twp.,NJ,2019-07-16,Mesonet,93,62.0,73,57,96,34,30.08,29.98,0.0,16,SSW
Berkeley Twp.,NJ,2019-07-15,Mesonet,86,58.0,68,53,94,34,30.07,29.97,0.0,16,SSE
Berkeley Twp.,NJ,2019-07-14,Mesonet,91,65.0,71,60,96,38,29.97,29.88,0.0,21,W
Berkeley Twp.,NJ,2019-07-13,Mesonet,88,62.0,70,59,96,46,29.94,29.84,0.0,16,W
Berkeley Twp.,NJ,2019-07-12,Mesonet,89,70.0,73,62,98,41,29.85,29.69,0.04,25,W
Berkeley Twp.,NJ,2019-07-11,Mesonet,85,63.0,75,61,98,60,29.97,29.71,1.17,28,SSE
Berkeley Twp.,NJ,2019-07-10,Mesonet,89,66.0,74,63,96,44,30.05,29.95,0.0,18,S
Berkeley Twp.,NJ,2019-07-09,Mesonet,88,58.0,73,56,96,38,30.04,29.97,0.0,15,SSE
Berkeley Twp.,NJ,2019-07-08,Mesonet,77,61.0,70,58,96,55,29.98,29.87,0.09,16,NE
Berkeley Twp.,NJ,2019-07-07,Mesonet,82,69.0,73,67,97,64,29.92,29.78,0.0,22,ENE
Berkeley Twp.,NJ,2019-07-06,Mesonet,89,71.0,78,70,98,59,30.02,29.8,0.98,27,WSW
Berkeley Twp.,NJ,2019-07-05,Mesonet,85,70.0,76,68,96,71,30.12,30.01,0.0,19,ESE
Berkeley Twp.,NJ,2019-07-04,Mesonet,88,67.0,74,60,96,41,30.1,29.92,0.0,18,SSE
Berkeley Twp.,NJ,2019-07-03,Mesonet,89,70.0,75,66,98,49,29.93,29.76,0.21,13,W
Berkeley Twp.,NJ,2019-07-02,Mesonet,91,61.0,74,59,96,39,29.89,29.72,0.1,20,W
Berkeley Twp.,NJ,2019-07-01,Mesonet,85,59.0,66,53,84,36,29.93,29.84,0.0,15,W
Berkeley Twp.,NJ,2019-06-30,Mesonet,87,68.0,69,50,95,30,29.85,29.7,0.0,31,W
Berkeley Twp.,NJ,2019-06-29,Mesonet,95,66.0,72,63,99,39,30.08,29.84,1.38,48,W
Berkeley Twp.,NJ,2019-06-28,Mesonet,90,63.0,68,57,95,35,30.16,30.07,0.0,16,ESE
Berkeley Twp.,NJ,2019-06-27,Mesonet,93,64.0,67,49,94,25,30.12,30.02,0.0,16,WSW
Berkeley Twp.,NJ,2019-06-26,Mesonet,90,67.0,68,52,90,29,30.03,29.87,0.0,18,NW
Berkeley Twp.,NJ,2019-06-25,Mesonet,87,68.0,75,64,97,48,29.88,29.76,0.0,15,NNW
Berkeley Twp.,NJ,2019-06-24,Mesonet,87,56.0,69,50,95,33,29.89,29.8,0.0,18,SSW
Berkeley Twp.,NJ,2019-06-23,Mesonet,85,54.0,57,46,87,28,30.02,29.87,0.0,20,N
Berkeley Twp.,NJ,2019-06-22,Mesonet,82,62.0,57,47,79,32,29.98,29.82,0.0,23,NNW
Berkeley Twp.,NJ,2019-06-21,Mesonet,79,65.0,73,51,97,39,29.83,29.44,0.15,30,N
Berkeley Twp.,NJ,2019-06-20,Mesonet,87,70.0,78,69,100,67,29.69,29.44,1.81,33,WSW
Berkeley Twp.,NJ,2019-06-19,Mesonet,78,68.0,73,67,99,80,29.86,29.67,0.96,21,SSE
Berkeley Twp.,NJ,2019-06-18,Mesonet,85,67.0,75,67,99,60,29.96,29.77,0.6,19,WSW
Berkeley Twp.,NJ,2019-06-17,Mesonet,82,67.0,71,65,99,60,29.99,29.81,0.57,12,SW
Berkeley Twp.,NJ,2019-06-16,Mesonet,85,64.0,70,59,98,53,29.95,29.77,0.46,24,SW
Berkeley Twp.,NJ,2019-06-15,Mesonet,82,46.0,60,44,94,33,30.12,29.95,0.0,32,SSW
Berkeley Twp.,NJ,2019-06-14,Mesonet,74,55.0,60,43,98,34,30.07,29.76,0.0,32,W
Berkeley Twp.,NJ,2019-06-13,Mesonet,69,58.0,61,52,97,71,30.03,29.69,0.79,28,NE
Berkeley Twp.,NJ,2019-06-12,Mesonet,72,46.0,57,39,93,32,30.17,30.02,0.0,20,SSE
Berkeley Twp.,NJ,2019-06-11,Mesonet,79,58.0,71,44,98,30,30.06,29.76,0.57,28,N
Berkeley Twp.,NJ,2019-06-10,Mesonet,79,62.0,74,56,97,77,30.17,29.83,0.15,22,E
Berkeley Twp.,NJ,2019-06-09,Mesonet,75,56.0,59,50,90,45,30.26,30.16,0.0,28,ESE
Berkeley Twp.,NJ,2019-06-08,Mesonet,75,60.0,64,51,99,51,30.18,29.95,0.0,24,ENE
Berkeley Twp.,NJ,2019-06-07,Mesonet,80,60.0,66,59,97,53,29.97,29.8,0.0,16,E
Berkeley Twp.,NJ,2019-06-06,Mesonet,85,69.0,70,62,97,50,29.82,29.66,0.01,18,W
Berkeley Twp.,NJ,2019-06-05,Mesonet,86,61.0,70,53,96,47,30.0,29.73,0.19,27,SSW
Berkeley Twp.,NJ,2019-06-04,Mesonet,73,39.0,53,29,92,22,30.14,29.99,0.0,24,NW
Berkeley Twp.,NJ,2019-06-03,Mesonet,73,47.0,63,33,94,25,30.02,29.71,0.0,26,WNW
Berkeley Twp.,NJ,2019-06-02,Mesonet,84,62.0,67,55,95,44,29.77,29.64,0.35,44,SW
Berkeley Twp.,NJ,2019-06-01,Mesonet,79,55.0,67,53,95,56,29.82,29.74,0.0,14,E
Berkeley Twp.,NJ,2019-05-31,Mesonet,83,60.0,67,53,98,39,29.79,29.63,0.01,18,WNW
Berkeley Twp.,NJ,2019-05-30,Mesonet,75,60.0,68,59,99,72,29.79,29.63,0.1,17,SSE
Berkeley Twp.,NJ,2019-05-29,Mesonet,80,61.0,69,59,98,61,29.75,29.62,1.22,26,N
Berkeley Twp.,NJ,2019-05-28,Mesonet,80,55.0,69,51,96,59,29.89,29.62,0.9,45,WSW
Berkeley Twp.,NJ,2019-05-27,Mesonet,84,60.0,66,50,83,34,29.92,29.83,0.0,17,NNE
Berkeley Twp.,NJ,2019-05-26,Mesonet,90,60.0,71,53,95,30,30.02,29.84,0.01,22,W
Berkeley Twp.,NJ,2019-05-25,Mesonet,72,46.0,55,44,95,43,30.22,30.02,0.0,24,SE
Berkeley Twp.,NJ,2019-05-24,Mesonet,79,63.0,67,46,92,36,30.08,29.78,0.0,32,NW
Berkeley Twp.,NJ,2019-05-23,Mesonet,72,54.0,66,42,96,58,30.22,29.82,0.29,28,SSW
Berkeley Twp.,NJ,2019-05-22,Mesonet,77,40.0,46,28,86,17,30.22,30.07,0.0,18,S
Berkeley Twp.,NJ,2019-05-21,Mesonet,73,57.0,61,33,74,30,30.08,29.75,0.0,28,WNW
Berkeley Twp.,NJ,2019-05-20,Mesonet,91,68.0,67,58,88,35,29.9,29.69,0.0,33,WSW
Berkeley Twp.,NJ,2019-05-19,Mesonet,82,52.0,69,49,93,58,30.06,29.89,0.0,32,SSW
Berkeley Twp.,NJ,2019-05-18,Mesonet,73,54.0,63,40,97,33,30.05,29.78,0.0,18,SSE
Berkeley Twp.,NJ,2019-05-17,Mesonet,84,53.0,65,47,98,32,29.85,29.69,0.16,30,SW
Berkeley Twp.,NJ,2019-05-16,Mesonet,75,51.0,54,38,96,28,29.88,29.78,0.02,19,W
Berkeley Twp.,NJ,2019-05-15,Mesonet,71,42.0,50,38,92,35,29.87,29.78,0.0,24,W
Berkeley Twp.,NJ,2019-05-14,Mesonet,56,44.0,49,40,98,58,29.81,29.74,0.1,17,W
Berkeley Twp.,NJ,2019-05-13,Mesonet,49,45.0,48,44,97,91,29.83,29.68,0.69,27,E
Berkeley Twp.,NJ,2019-05-12,Mesonet,55,45.0,54,43,97,86,29.94,29.75,1.3,39,ENE
Berkeley Twp.,NJ,2019-05-11,Mesonet,72,54.0,64,45,96,43,30.01,29.88,0.02,18,WNW
Berkeley Twp.,NJ,2019-05-10,Mesonet,79,59.0,65,55,97,57,30.15,29.9,0.0,31,SSW
Berkeley Twp.,NJ,2019-05-09,Mesonet,59,51.0,55,46,96,67,30.27,30.14,0.0,23,E
Berkeley Twp.,NJ,2019-05-08,Mesonet,65,50.0,59,48,98,60,30.21,30.09,0.43,20,NE
Berkeley Twp.,NJ,2019-05-07,Mesonet,75,49.0,59,47,95,54,30.16,30.05,0.08,21,S
Berkeley Twp.,NJ,2019-05-06,Mesonet,69,48.0,52,45,95,47,30.1,29.74,0.0,25,ENE
Berkeley Twp.,NJ,2019-05-05,Mesonet,55,49.0,54,48,98,92,29.79,29.69,1.29,31,NE
Berkeley Twp.,NJ,2019-05-04,Mesonet,70,51.0,61,51,99,66,29.94,29.77,0.01,15,ENE
Berkeley Twp.,NJ,2019-05-03,Mesonet,60,49.0,54,48,98,77,30.13,29.93,0.0,17,NE
Berkeley Twp.,NJ,2019-05-02,Mesonet,80,49.0,65,49,99,51,30.15,30.04,0.0,18,ENE
Berkeley Twp.,NJ,2019-05-01,Mesonet,56,49.0,50,43,98,65,30.39,30.13,0.0,19,SE
Berkeley Twp.,NJ,2019-04-30,Mesonet,72,48.0,57,47,98,55,30.37,30.1,0.05,15,ENE
Berkeley Twp.,NJ,2019-04-29,Mesonet,58,31.0,48,22,97,27,30.41,30.18,0.02,20,SSE
Berkeley Twp.,NJ,2019-04-28,Mesonet,57,38.0,51,35,93,51,30.24,29.84,0.0,20,ENE
Berkeley Twp.,NJ,2019-04-27,Mesonet,67,48.0,46,23,83,22,29.85,29.3,0.01,43,W
Berkeley Twp.,NJ,2019-04-26,Mesonet,70,51.0,64,46,97,70,29.85,29.32,0.76,35,S
Berkeley Twp.,NJ,2019-04-25,Mesonet,61,41.0,47,38,91,51,29.95,29.83,0.0,16,ENE
Berkeley Twp.,NJ,2019-04-24,Mesonet,73,46.0,54,35,88,26,29.84,29.66,0.0,25,W
Berkeley Twp.,NJ,2019-04-23,Mesonet,81,51.0,56,40,95,26,30.0,29.73,0.01,20,W
Berkeley Twp.,NJ,2019-04-22,Mesonet,64,44.0,59,42,96,60,30.05,29.93,0.2,18,N
Berkeley Twp.,NJ,2019-04-21,Mesonet,70,50.0,54,43,94,41,30.04,29.81,0.0,26,S
Berkeley Twp.,NJ,2019-04-20,Mesonet,69,54.0,65,49,97,57,29.83,29.66,0.65,40,S
Berkeley Twp.,NJ,2019-04-19,Mesonet,76,61.0,65,56,93,61,29.86,29.65,0.01,41,S
Berkeley Twp.,NJ,2019-04-18,Mesonet,75,51.0,59,40,84,49,30.16,29.85,0.0,31,S
Berkeley Twp.,NJ,2019-04-17,Mesonet,58,48.0,42,23,73,27,30.16,29.99,0.0,23,ENE
Berkeley Twp.,NJ,2019-04-16,Mesonet,67,36.0,39,17,68,19,30.06,29.86,0.0,31,NW
Berkeley Twp.,NJ,2019-04-15,Mesonet,68,46.0,64,28,99,40,29.86,29.32,1.31,62,WSW
Berkeley Twp.,NJ,2019-04-14,Mesonet,73,53.0,66,52,99,73,29.98,29.49,0.0,29,S
Berkeley Twp.,NJ,2019-04-13,Mesonet,74,60.0,63,54,96,51,30.1,29.95,0.33,31,SSW
Berkeley Twp.,NJ,2019-04-12,Mesonet,73,45.0,58,25,89,41,30.23,30.08,0.0,40,SSW
Berkeley Twp.,NJ,2019-04-11,Mesonet,50,31.0,32,21,86,33,30.24,30.02,0.0,18,NE
Berkeley Twp.,NJ,2019-04-10,Mesonet,63,32.0,45,27,99,30,30.02,29.68,0.0,24,WNW
Berkeley Twp.,NJ,2019-04-09,Mesonet,68,45.0,60,44,98,72,29.7,29.48,0.01,17,WSW
Berkeley Twp.,NJ,2019-04-08,Mesonet,81,53.0,61,49,97,41,30.04,29.68,0.18,32,W
Berkeley Twp.,NJ,2019-04-07,Mesonet,68,32.0,50,30,95,41,30.26,30.04,0.0,23,S
Berkeley Twp.,NJ,2019-04-06,Mesonet,67,40.0,50,38,99,44,30.19,30.1,0.01,15,W
Berkeley Twp.,NJ,2019-04-05,Mesonet,45,33.0,44,17,98,33,30.45,30.19,0.08,23,E
Berkeley Twp.,NJ,2019-04-04,Mesonet,62,26.0,36,13,87,20,30.39,30.19,0.0,18,WSW
Berkeley Twp.,NJ,2019-04-03,Mesonet,67,37.0,39,13,92,17,30.2,29.92,0.0,39,WNW
Berkeley Twp.,NJ,2019-04-02,Mesonet,50,17.0,39,13,93,33,30.38,29.96,0.01,27,NE
Berkeley Twp.,NJ,2019-04-01,Mesonet,48,23.0,21,11,77,24,30.35,29.93,0.0,33,W
Berkeley Twp.,NJ,2019-03-31,Mesonet,62,39.0,56,20,91,39,29.94,29.64,0.02,30,SSW
Berkeley Twp.,NJ,2019-03-30,Mesonet,74,45.0,47,38,90,30,30.07,29.81,0.0,35,SSW
Berkeley Twp.,NJ,2019-03-29,Mesonet,63,45.0,49,33,84,46,30.21,30.03,0.0,16,W
Berkeley Twp.,NJ,2019-03-28,Mesonet,56,16.0,39,13,89,37,30.46,30.19,0.0,23,SSE
Berkeley Twp.,NJ,2019-03-27,Mesonet,45,17.0,25,7,85,26,30.5,30.33,0.0,21,ESE
Berkeley Twp.,NJ,2019-03-26,Mesonet,48,23.0,37,-1,88,14,30.33,30.04,0.0,29,NE
Berkeley Twp.,NJ,2019-03-25,Mesonet,58,40.0,41,28,89,34,30.05,29.95,0.03,16,NE
Berkeley Twp.,NJ,2019-03-24,Mesonet,63,21.0,33,11,82,16,30.22,30.0,0.0,27,SW
Berkeley Twp.,NJ,2019-03-23,Mesonet,51,27.0,27,9,67,19,30.12,29.56,0.0,38,NNW
Berkeley Twp.,NJ,2019-03-22,Mesonet,51,39.0,46,27,97,43,29.57,29.21,0.53,38,ENE
Berkeley Twp.,NJ,2019-03-21,Mesonet,50,41.0,48,34,98,71,30.21,29.38,0.92,40,ENE
Berkeley Twp.,NJ,2019-03-20,Mesonet,52,19.0,36,14,90,23,30.38,30.21,0.0,22,SW
Berkeley Twp.,NJ,2019-03-19,Mesonet,50,19.0,28,7,91,18,30.41,30.3,0.0,17,SSE
Berkeley Twp.,NJ,2019-03-18,Mesonet,46,18.0,25,10,83,26,30.3,30.18,0.0,18,SE
Berkeley Twp.,NJ,2019-03-17,Mesonet,47,22.0,19,9,72,24,30.2,30.08,0.0,25,WNW
Berkeley Twp.,NJ,2019-03-16,Mesonet,60,38.0,53,16,83,26,30.12,29.72,0.0,34,NW
Berkeley Twp.,NJ,2019-03-15,Mesonet,75,55.0,59,48,93,55,29.99,29.63,0.0,38,SW
Berkeley Twp.,NJ,2019-03-14,Mesonet,68,39.0,48,25,78,40,30.27,29.98,0.0,29,SSW
Berkeley Twp.,NJ,2019-03-13,Mesonet,49,18.0,30,15,89,28,30.36,30.23,0.0,18,SSE
Berkeley Twp.,NJ,2019-03-12,Mesonet,46,25.0,23,16,73,33,30.28,30.01,0.0,28,NW
Berkeley Twp.,NJ,2019-03-11,Mesonet,55,40.0,44,20,96,27,30.07,29.94,0.0,29,WSW
Berkeley Twp.,NJ,2019-03-10,Mesonet,54,38.0,51,36,98,84,30.23,29.84,0.82,23,E
Berkeley Twp.,NJ,2019-03-09,Mesonet,48,23.0,31,20,96,35,30.31,30.17,0.0,16,ESE
Berkeley Twp.,NJ,2019-03-08,Mesonet,43,11.0,30,6,94,26,30.38,30.18,0.0,20,SSW
Berkeley Twp.,NJ,2019-03-07,Mesonet,35,7.0,19,3,86,33,30.34,30.22,0.0,25,NW
Berkeley Twp.,NJ,2019-03-06,Mesonet,28,11.0,9,-4,79,28,30.26,29.98,0.0,32,WNW
Berkeley Twp.,NJ,2019-03-05,Mesonet,36,15.0,14,2,79,25,30.09,29.88,0.0,23,WNW
Berkeley Twp.,NJ,2019-03-04,Mesonet,40,26.0,33,7,98,38,30.01,29.57,0.28,27,NW
Berkeley Twp.,NJ,2019-03-03,Mesonet,44,28.0,35,26,99,54,30.14,29.68,0.84,17,NNE
Berkeley Twp.,NJ,2019-03-02,Mesonet,40,32.0,35,30,97,79,30.06,29.94,0.4,20,NE
Berkeley Twp.,NJ,2019-03-01,Mesonet,35,28.0,34,15,97,49,30.28,30.03,0.19,23,NE
Berkeley Twp.,NJ,2019-02-28,Mesonet,40,22.0,31,8,99,28,30.23,29.9,0.0,23,NW
Berkeley Twp.,NJ,2019-02-27,Mesonet,35,24.0,30,3,97,39,30.41,29.94,0.0,18,E
Berkeley Twp.,NJ,2019-02-26,Mesonet,42,27.0,17,8,49,35,30.4,30.2,0.0,28,WNW
Berkeley Twp.,NJ,2019-02-25,Mesonet,44,30.0,22,5,43,25,30.21,29.51,0.0,50,WNW
Berkeley Twp.,NJ,2019-02-24,Mesonet,49,40.0,48,19,98,36,30.07,29.36,0.36,47,W
Berkeley Twp.,NJ,2019-02-23,Mesonet,40,27.0,39,23,97,63,30.45,30.07,0.03,15,ENE
Berkeley Twp.,NJ,2019-02-22,Mesonet,45,29.0,31,22,85,42,30.42,30.11,0.0,15,N
Berkeley Twp.,NJ,2019-02-21,Mesonet,54,34.0,39,29,99,40,30.12,29.84,0.13,33,W
Berkeley Twp.,NJ,2019-02-20,Mesonet,38,25.0,38,10,99,46,30.58,29.95,0.37,16,ESE
Berkeley Twp.,NJ,2019-02-19,Mesonet,37,22.0,18,6,74,28,30.56,30.3,0.0,22,NNW
Berkeley Twp.,NJ,2019-02-18,Mesonet,46,28.0,40,15,99,49,30.3,29.72,0.24,33,NW
Berkeley Twp.,NJ,2019-02-17,Mesonet,36,17.0,34,13,97,52,30.14,29.82,0.15,19,ENE
Berkeley Twp.,NJ,2019-02-16,Mesonet,54,28.0,31,13,60,28,29.99,29.67,0.0,24,NNW
Berkeley Twp.,NJ,2019-02-15,Mesonet,65,41.0,42,30,87,35,29.95,29.58,0.0,33,SW
Berkeley Twp.,NJ,2019-02-14,Mesonet,51,27.0,22,14,75,24,30.05,29.87,0.0,25,WNW
Berkeley Twp.,NJ,2019-02-13,Mesonet,45,26.0,42,18,99,38,29.87,29.51,0.02,39,W
Berkeley Twp.,NJ,2019-02-12,Mesonet,43,30.0,43,26,99,76,30.33,29.57,1.21,28,ENE
Berkeley Twp.,NJ,2019-02-11,Mesonet,35,27.0,30,25,97,70,30.36,30.22,0.12,12,E
Berkeley Twp.,NJ,2019-02-10,Mesonet,37,10.0,26,4,92,27,30.69,30.36,0.0,17,W
Berkeley Twp.,NJ,2019-02-09,Mesonet,34,15.0,12,0,82,28,30.69,30.26,0.0,32,WNW
Berkeley Twp.,NJ,2019-02-08,Mesonet,55,31.0,47,10,99,21,30.27,29.85,0.02,41,WNW
Berkeley Twp.,NJ,2019-02-07,Mesonet,45,39.0,43,38,99,84,30.07,29.93,0.08,13,E
Berkeley Twp.,NJ,2019-02-06,Mesonet,46,27.0,43,25,98,57,30.19,29.96,0.06,17,ESE
Berkeley Twp.,NJ,2019-02-05,Mesonet,67,26.0,47,24,97,43,30.06,29.89,0.0,16,W
Berkeley Twp.,NJ,2019-02-04,Mesonet,64,25.0,44,23,99,39,30.08,29.94,0.0,13,SE
Berkeley Twp.,NJ,2019-02-03,Mesonet,54,15.0,35,12,94,47,30.16,30.06,,13,SSE
Berkeley Twp.,NJ,2019-02-02,Mesonet,34,-1.0,22,-4,93,44,30.37,30.09,,20,WSW
Berkeley Twp.,NJ,2019-02-01,Mesonet,18,-1.0,14,-8,93,36,30.45,30.31,,10,W
Berkeley Twp.,NJ,2019-01-31,Mesonet,19,0.0,-2,-17,81,24,30.42,30.23,0.0,26,WNW
Berkeley Twp.,NJ,2019-01-30,Mesonet,35,5.0,31,-18,94,29,30.24,29.76,0.0,42,WSW
Berkeley Twp.,NJ,2019-01-29,Mesonet,44,13.0,41,10,98,60,30.0,29.71,0.2,24,WNW
Berkeley Twp.,NJ,2019-01-28,Mesonet,37,14.0,25,7,89,35,30.09,29.96,0.0,16,N
Berkeley Twp.,NJ,2019-01-27,Mesonet,50,14.0,34,11,91,36,30.16,29.89,0.0,28,S
Berkeley Twp.,NJ,2019-01-26,Mesonet,37,10.0,18,5,88,30,30.25,30.16,0.0,13,SW
Berkeley Twp.,NJ,2019-01-25,Mesonet,42,19.0,26,8,89,35,30.17,29.78,0.0,31,W
Berkeley Twp.,NJ,2019-01-24,Mesonet,59,34.0,57,24,96,63,29.9,29.21,1.68,41,SSW
Berkeley Twp.,NJ,2019-01-23,Mesonet,56,20.0,51,14,85,37,30.52,29.9,0.0,45,SSW
Berkeley Twp.,NJ,2019-01-22,Mesonet,33,11.0,17,-4,82,23,30.63,30.41,0.0,21,NW
Berkeley Twp.,NJ,2019-01-21,Mesonet,17,8.0,2,-14,54,26,30.42,29.77,0.0,39,NW
Berkeley Twp.,NJ,2019-01-20,Mesonet,55,15.0,53,1,99,53,29.79,29.18,0.86,40,NNW
Berkeley Twp.,NJ,2019-01-19,Mesonet,42,25.0,40,22,99,59,30.22,29.7,0.01,28,SE
Berkeley Twp.,NJ,2019-01-18,Mesonet,38,26.0,36,26,98,87,30.16,30.0,0.01,13,NW
Berkeley Twp.,NJ,2019-01-17,Mesonet,33,22.0,26,2,89,31,30.37,30.15,0.0,13,NNE
Berkeley Twp.,NJ,2019-01-16,Mesonet,37,14.0,25,11,93,58,30.2,30.02,0.0,19,W
Berkeley Twp.,NJ,2019-01-15,Mesonet,39,11.0,18,8,89,35,30.14,30.06,0.0,15,W
Berkeley Twp.,NJ,2019-01-14,Mesonet,34,12.0,23,9,88,47,30.23,30.09,0.0,22,NE
Berkeley Twp.,NJ,2019-01-13,Mesonet,31,25.0,25,16,95,57,30.43,30.16,0.01,26,NE
Berkeley Twp.,NJ,2019-01-12,Mesonet,35,12.0,22,0,82,23,30.52,30.39,0.0,11,NNW
Berkeley Twp.,NJ,2019-01-11,Mesonet,33,22.0,15,-2,57,23,30.41,29.95,0.0,28,NNW
Berkeley Twp.,NJ,2019-01-10,Mesonet,38,29.0,19,15,60,42,29.97,29.62,0.0,39,WNW
Berkeley Twp.,NJ,2019-01-09,Mesonet,47,32.0,43,15,97,30,29.66,29.52,0.02,40,NW
Berkeley Twp.,NJ,2019-01-08,Mesonet,47,32.0,45,26,99,78,30.23,29.52,0.11,36,W
Berkeley Twp.,NJ,2019-01-07,Mesonet,37,24.0,27,3,87,24,30.48,30.19,0.01,13,NNE
Berkeley Twp.,NJ,2019-01-06,Mesonet,53,32.0,39,17,97,36,30.26,29.69,0.01,27,NW
Berkeley Twp.,NJ,2019-01-05,Mesonet,48,35.0,48,34,99,83,29.7,29.32,0.39,18,NW
Berkeley Twp.,NJ,2019-01-04,Mesonet,47,21.0,43,19,97,56,30.01,29.68,0.01,18,WSW
Berkeley Twp.,NJ,2019-01-03,Mesonet,48,24.0,40,21,94,52,30.02,29.83,0.0,26,WNW
Berkeley Twp.,NJ,2019-01-02,Mesonet,43,28.0,35,23,96,50,30.31,30.01,0.0,16,NE
Berkeley Twp.,NJ,2019-01-01,Mesonet,64,34.0,60,31,97,47,30.12,29.58,0.06,39,WSW
Berkeley Twp.,NJ,2018-12-31,Mesonet,56,23.0,56,21,98,67,30.33,29.75,0.82,21,SE
Berkeley Twp.,NJ,2018-12-30,Mesonet,45,24.0,33,22,96,55,30.25,30.11,0.0,12,W
Berkeley Twp.,NJ,2018-12-29,Mesonet,57,32.0,56,28,98,46,30.16,29.81,0.0,28,WNW
Berkeley Twp.,NJ,2018-12-28,Mesonet,59,44.0,58,38,98,77,30.37,29.78,2.04,31,SSW
Berkeley Twp.,NJ,2018-12-27,Mesonet,46,23.0,39,20,95,45,30.59,30.37,0.0,17,ESE
Berkeley Twp.,NJ,2018-12-26,Mesonet,45,17.0,28,14,93,42,30.48,30.33,0.0,16,W
Berkeley Twp.,NJ,2018-12-25,Mesonet,43,24.0,24,20,90,44,30.33,30.13,0.0,18,WNW
Berkeley Twp.,NJ,2018-12-24,Mesonet,44,28.0,36,22,95,47,30.14,29.98,0.0,23,W
Berkeley Twp.,NJ,2018-12-23,Mesonet,46,27.0,33,23,89,46,30.15,29.97,0.0,21,WNW
Berkeley Twp.,NJ,2018-12-22,Mesonet,53,36.0,49,25,96,55,29.97,29.17,0.0,42,W
Berkeley Twp.,NJ,2018-12-21,Mesonet,63,52.0,61,49,98,86,29.69,29.17,1.55,39,SSE
Berkeley Twp.,NJ,2018-12-20,Mesonet,57,19.0,56,17,99,78,30.1,29.68,0.42,30,ESE
Berkeley Twp.,NJ,2018-12-19,Mesonet,46,15.0,25,12,92,38,30.18,30.05,0.0,15,WSW
Berkeley Twp.,NJ,2018-12-18,Mesonet,41,20.0,25,14,86,37,30.13,29.78,0.0,30,NW
Berkeley Twp.,NJ,2018-12-17,Mesonet,49,36.0,40,24,97,48,29.79,29.66,0.0,29,NW
Berkeley Twp.,NJ,2018-12-16,Mesonet,47,37.0,44,35,96,88,29.97,29.67,1.5,40,ENE
Berkeley Twp.,NJ,2018-12-15,Mesonet,51,46.0,51,44,99,84,30.18,29.95,0.2,30,NE
Berkeley Twp.,NJ,2018-12-14,Mesonet,52,27.0,47,25,99,79,30.43,30.17,0.02,17,SSE
Berkeley Twp.,NJ,2018-12-13,Mesonet,49,26.0,37,22,96,58,30.4,30.22,0.0,19,ESE
Berkeley Twp.,NJ,2018-12-12,Mesonet,43,23.0,25,19,89,44,30.22,29.94,0.0,19,NW
Berkeley Twp.,NJ,2018-12-11,Mesonet,46,15.0,30,12,95,46,30.13,29.93,0.0,11,SW
Berkeley Twp.,NJ,2018-12-10,Mesonet,41,15.0,22,12,90,42,30.13,30.01,0.0,20,NE
Berkeley Twp.,NJ,2018-12-09,Mesonet,36,17.0,23,14,89,57,30.5,30.08,0.0,10,N
Berkeley Twp.,NJ,2018-12-08,Mesonet,37,9.0,21,6,89,39,30.52,30.4,0.0,23,WNW
Berkeley Twp.,NJ,2018-12-07,Mesonet,41,17.0,26,11,91,31,30.42,30.13,0.0,22,WNW
Berkeley Twp.,NJ,2018-12-06,Mesonet,39,19.0,26,16,93,45,30.22,30.1,0.0,24,W
Berkeley Twp.,NJ,2018-12-05,Mesonet,37,21.0,28,16,91,64,30.11,29.95,0.0,16,NE
Berkeley Twp.,NJ,2018-12-04,Mesonet,44,22.0,36,17,97,40,30.04,29.72,0.0,25,N
Berkeley Twp.,NJ,2018-12-03,Mesonet,62,31.0,59,29,98,44,29.73,29.55,0.0,27,WNW
Berkeley Twp.,NJ,2018-12-02,Mesonet,63,46.0,62,45,98,92,29.99,29.55,0.27,22,SSW
Berkeley Twp.,NJ,2018-12-01,Mesonet,46,25.0,45,23,97,71,30.18,29.98,0.04,15,E
Berkeley Twp.,NJ,2018-11-30,Mesonet,44,26.0,33,22,92,54,30.07,29.95,0.0,9,SW
Berkeley Twp.,NJ,2018-11-29,Mesonet,47,29.0,28,23,85,46,30.01,29.74,0.0,27,NW
Berkeley Twp.,NJ,2018-11-28,Mesonet,42,34.0,25,20,66,44,29.74,29.44,0.0,38,NW
Berkeley Twp.,NJ,2018-11-27,Mesonet,45,34.0,41,23,86,49,29.5,29.37,0.0,32,W
Berkeley Twp.,NJ,2018-11-26,Mesonet,54,37.0,53,36,98,78,29.9,29.34,1.16,28,SE
Berkeley Twp.,NJ,2018-11-25,Mesonet,58,42.0,49,40,97,55,29.92,29.38,1.53,43,NNW
Berkeley Twp.,NJ,2018-11-24,Mesonet,53,18.0,52,15,97,72,30.31,29.35,2.74,37,NNW
Berkeley Twp.,NJ,2018-11-23,Mesonet,36,10.0,18,0,89,37,30.58,30.31,0.0,13,S
Berkeley Twp.,NJ,2018-11-22,Mesonet,31,16.0,16,-4,53,26,30.56,30.18,0.0,23,NNW
Berkeley Twp.,NJ,2018-11-21,Mesonet,48,24.0,30,15,92,41,30.18,29.97,0.0,29,WNW
Berkeley Twp.,NJ,2018-11-20,Mesonet,50,29.0,46,25,98,51,30.04,29.79,0.04,26,NNW
Berkeley Twp.,NJ,2018-11-19,Mesonet,57,27.0,47,25,99,61,30.16,29.86,0.0,13,WSW
Berkeley Twp.,NJ,2018-11-18,Mesonet,48,25.0,39,23,95,54,30.35,30.15,0.0,12,SE
Berkeley Twp.,NJ,2018-11-17,Mesonet,50,29.0,34,26,94,47,30.27,29.98,0.0,23,W
Berkeley Twp.,NJ,2018-11-16,Mesonet,53,33.0,52,29,98,61,29.98,29.26,0.25,49,W
Berkeley Twp.,NJ,2018-11-15,Mesonet,47,31.0,45,15,97,51,30.54,29.6,1.78,46,ENE
Berkeley Twp.,NJ,2018-11-14,Mesonet,43,31.0,32,14,72,33,30.55,30.12,0.0,26,NNW
Berkeley Twp.,NJ,2018-11-13,Mesonet,58,42.0,58,32,99,65,30.18,29.77,1.36,23,NW
Berkeley Twp.,NJ,2018-11-12,Mesonet,51,20.0,43,18,98,44,30.41,30.18,0.18,11,SSE
Berkeley Twp.,NJ,2018-11-11,Mesonet,47,22.0,29,18,91,40,30.37,30.23,0.0,18,NW
Berkeley Twp.,NJ,2018-11-10,Mesonet,54,25.0,53,10,98,28,30.24,29.73,0.01,36,WNW
Berkeley Twp.,NJ,2018-11-09,Mesonet,55,33.0,54,30,98,62,30.3,29.71,1.04,24,ESE
Berkeley Twp.,NJ,2018-11-08,Mesonet,58,39.0,46,30,92,38,30.3,30.07,0.0,14,E
Berkeley Twp.,NJ,2018-11-07,Mesonet,66,42.0,55,39,99,39,30.07,29.84,0.01,26,WSW
Berkeley Twp.,NJ,2018-11-06,Mesonet,67,51.0,65,51,99,84,30.01,29.74,0.34,33,WNW
Berkeley Twp.,NJ,2018-11-05,Mesonet,56,35.0,55,33,98,79,30.41,29.99,0.43,24,ENE
Berkeley Twp.,NJ,2018-11-04,Mesonet,59,29.0,40,27,97,37,30.5,30.33,0.0,13,ESE
Berkeley Twp.,NJ,2018-11-03,Mesonet,67,38.0,64,32,97,37,30.3,29.53,0.3,34,NW
Berkeley Twp.,NJ,2018-11-02,Mesonet,70,65.0,66,61,96,77,29.74,29.56,0.05,34,SSW
Berkeley Twp.,NJ,2018-11-01,Mesonet,75,47.0,61,45,96,53,29.9,29.73,0.0,30,SSW
Berkeley Twp.,NJ,2018-10-31,Mesonet,68,29.0,52,27,96,43,30.1,29.89,0.0,22,S
Berkeley Twp.,NJ,2018-10-30,Mesonet,59,32.0,40,29,96,34,30.1,29.95,0.0,25,NW
Berkeley Twp.,NJ,2018-10-29,Mesonet,59,43.0,48,37,97,52,29.96,29.64,0.0,25,W
Berkeley Twp.,NJ,2018-10-28,Mesonet,54,42.0,48,41,97,71,29.78,29.61,0.01,20,W
Berkeley Twp.,NJ,2018-10-27,Mesonet,58,46.0,57,45,97,91,29.9,29.37,1.95,46,ENE
Berkeley Twp.,NJ,2018-10-26,Mesonet,52,28.0,47,25,94,58,30.1,29.9,0.16,20,E
Berkeley Twp.,NJ,2018-10-25,Mesonet,54,28.0,35,26,95,40,30.15,30.0,0.0,20,W
Berkeley Twp.,NJ,2018-10-24,Mesonet,56,34.0,36,32,93,42,30.15,29.98,0.0,27,N
Berkeley Twp.,NJ,2018-10-23,Mesonet,67,41.0,48,35,93,39,30.14,29.88,0.0,19,WSW
Berkeley Twp.,NJ,2018-10-22,Mesonet,56,26.0,39,24,93,40,30.25,30.13,0.0,16,SW
Berkeley Twp.,NJ,2018-10-21,Mesonet,53,28.0,46,23,91,38,30.15,29.59,0.0,32,NNW
Berkeley Twp.,NJ,2018-10-20,Mesonet,66,42.0,56,40,97,52,29.89,29.57,0.07,23,WSW
Berkeley Twp.,NJ,2018-10-19,Mesonet,62,29.0,47,27,95,34,30.31,29.89,0.0,21,WSW
Berkeley Twp.,NJ,2018-10-18,Mesonet,53,30.0,34,22,93,32,30.34,30.11,0.0,24,W
Berkeley Twp.,NJ,2018-10-17,Mesonet,65,38.0,45,28,98,34,30.11,29.86,0.0,33,W
Berkeley Twp.,NJ,2018-10-16,Mesonet,70,43.0,66,29,94,38,30.15,29.85,0.26,29,NW
Berkeley Twp.,NJ,2018-10-15,Mesonet,70,49.0,66,47,97,84,30.18,29.84,0.18,25,SSW
Berkeley Twp.,NJ,2018-10-14,Mesonet,58,33.0,50,32,98,50,30.23,30.07,0.0,9,WSW
Berkeley Twp.,NJ,2018-10-13,Mesonet,58,38.0,48,37,98,55,30.07,29.74,0.02,20,W
Berkeley Twp.,NJ,2018-10-12,Mesonet,70,44.0,69,39,98,42,29.77,29.36,2.93,33,NNW
Berkeley Twp.,NJ,2018-10-11,Mesonet,81,67.0,76,65,98,83,29.9,29.46,0.36,28,SSW
Berkeley Twp.,NJ,2018-10-10,Mesonet,82,66.0,74,65,99,66,30.19,29.9,0.05,15,SSW
Berkeley Twp.,NJ,2018-10-09,Mesonet,81,65.0,72,64,98,63,30.35,30.18,0.01,15,SSW
Berkeley Twp.,NJ,2018-10-08,Mesonet,70,63.0,69,61,98,93,30.37,30.22,0.04,18,NE
Berkeley Twp.,NJ,2018-10-07,Mesonet,81,65.0,71,63,97,69,30.22,30.12,0.0,18,SW
Berkeley Twp.,NJ,2018-10-06,Mesonet,68,62.0,65,59,96,80,30.19,30.11,0.0,11,SSE
Berkeley Twp.,NJ,2018-10-05,Mesonet,73,62.0,71,54,96,63,30.15,29.94,0.0,21,NE
Berkeley Twp.,NJ,2018-10-04,Mesonet,81,50.0,71,48,98,65,30.04,29.9,0.0,15,SSW
Berkeley Twp.,NJ,2018-10-03,Mesonet,78,54.0,67,52,97,53,30.05,29.97,0.13,14,WNW
Berkeley Twp.,NJ,2018-10-02,Mesonet,82,62.0,69,61,96,56,30.21,29.98,0.37,33,NW
Berkeley Twp.,NJ,2018-10-01,Mesonet,80,52.0,67,50,96,58,30.3,30.2,0.0,21,SSW
Berkeley Twp.,NJ,2018-09-30,Mesonet,71,47.0,58,45,96,55,30.32,30.22,0.0,16,ENE
Berkeley Twp.,NJ,2018-09-29,Mesonet,76,46.0,62,45,97,36,30.22,30.1,0.0,13,NW
Berkeley Twp.,NJ,2018-09-28,Mesonet,70,47.0,69,46,97,83,30.12,29.85,0.61,18,NNW
Berkeley Twp.,NJ,2018-09-27,Mesonet,72,61.0,68,49,95,50,30.1,29.91,0.03,22,NNE
Berkeley Twp.,NJ,2018-09-26,Mesonet,84,69.0,75,66,97,64,30.09,29.85,0.03,20,SW
Berkeley Twp.,NJ,2018-09-25,Mesonet,80,62.0,73,59,97,76,30.4,30.08,0.46,28,SE
Berkeley Twp.,NJ,2018-09-24,Mesonet,68,59.0,61,54,97,63,30.41,30.24,0.09,28,ENE
Berkeley Twp.,NJ,2018-09-23,Mesonet,64,58.0,63,54,97,83,30.25,30.13,0.71,12,E
Berkeley Twp.,NJ,2018-09-22,Mesonet,76,60.0,69,52,94,44,30.16,29.93,0.0,23,SSW
Berkeley Twp.,NJ,2018-09-21,Mesonet,76,60.0,66,58,95,65,30.23,29.99,0.0,23,SSW
Berkeley Twp.,NJ,2018-09-20,Mesonet,72,61.0,64,57,92,61,30.22,30.02,0.0,15,E
Berkeley Twp.,NJ,2018-09-19,Mesonet,81,64.0,69,62,97,54,30.03,29.75,0.0,18,NE
Berkeley Twp.,NJ,2018-09-18,Mesonet,85,66.0,75,65,96,61,29.89,29.69,0.52,25,SSW
Berkeley Twp.,NJ,2018-09-17,Mesonet,81,56.0,72,54,96,67,30.16,29.88,0.0,20,S
Berkeley Twp.,NJ,2018-09-16,Mesonet,81,58.0,67,56,97,48,30.21,30.14,0.0,14,SSE
Berkeley Twp.,NJ,2018-09-15,Mesonet,77,60.0,67,58,97,57,30.19,30.12,0.0,18,E
Berkeley Twp.,NJ,2018-09-14,Mesonet,73,66.0,68,61,97,80,30.19,30.14,0.11,23,ENE
Berkeley Twp.,NJ,2018-09-13,Mesonet,73,67.0,71,66,98,87,30.23,30.17,0.08,22,ENE
Berkeley Twp.,NJ,2018-09-12,Mesonet,78,70.0,75,70,98,86,30.2,30.12,0.02,11,ENE
Berkeley Twp.,NJ,2018-09-11,Mesonet,76,64.0,73,64,98,91,30.12,30.02,0.15,10,E
Berkeley Twp.,NJ,2018-09-10,Mesonet,67,58.0,66,56,97,92,30.15,30.01,1.57,32,ENE
Berkeley Twp.,NJ,2018-09-09,Mesonet,63,58.0,60,56,96,85,30.17,30.07,1.32,28,E
Berkeley Twp.,NJ,2018-09-08,Mesonet,72,62.0,68,57,95,71,30.1,30.0,0.28,19,NE
Berkeley Twp.,NJ,2018-09-07,Mesonet,81,71.0,72,67,93,71,30.11,30.04,0.0,18,ENE
Berkeley Twp.,NJ,2018-09-06,Mesonet,95,69.0,77,66,97,39,30.17,30.02,0.0,22,NE
Berkeley Twp.,NJ,2018-09-05,Mesonet,90,67.0,76,65,96,54,30.23,30.14,0.0,16,SSE
Berkeley Twp.,NJ,2018-09-04,Mesonet,94,69.0,73,66,97,41,30.23,30.15,0.0,18,NNW
Berkeley Twp.,NJ,2018-09-03,Mesonet,90,66.0,78,65,97,51,30.27,30.16,0.0,15,SSE
Berkeley Twp.,NJ,2018-09-02,Mesonet,80,60.0,72,59,96,68,30.26,30.16,0.0,13,ESE
Berkeley Twp.,NJ,2018-09-01,Mesonet,77,64.0,66,61,92,60,30.28,30.22,0.0,19,E
Berkeley Twp.,NJ,2018-08-31,Mesonet,77,71.0,72,63,93,73,30.25,30.07,0.24,22,E
Berkeley Twp.,NJ,2018-08-30,Mesonet,91,74.0,74,63,95,42,30.08,29.92,0.0,18,N
Berkeley Twp.,NJ,2018-08-29,Mesonet,95,73.0,77,67,96,41,30.02,29.91,0.0,21,W
Berkeley Twp.,NJ,2018-08-28,Mesonet,95,72.0,77,67,95,41,30.07,29.99,0.0,18,SW
Berkeley Twp.,NJ,2018-08-27,Mesonet,91,68.0,75,63,96,41,30.1,30.02,0.0,12,WSW
Berkeley Twp.,NJ,2018-08-26,Mesonet,85,53.0,70,51,94,50,30.19,30.03,0.0,20,SW
Berkeley Twp.,NJ,2018-08-25,Mesonet,79,52.0,64,49,94,43,30.28,30.18,0.0,18,SE
Berkeley Twp.,NJ,2018-08-24,Mesonet,83,50.0,61,48,95,33,30.23,30.08,0.0,16,SE
Berkeley Twp.,NJ,2018-08-23,Mesonet,79,56.0,62,42,92,29,30.08,29.78,0.0,23,WNW
Berkeley Twp.,NJ,2018-08-22,Mesonet,85,68.0,73,61,97,48,29.81,29.69,0.22,23,WNW
Berkeley Twp.,NJ,2018-08-21,Mesonet,77,63.0,73,62,96,70,30.11,29.8,0.72,22,ESE
Berkeley Twp.,NJ,2018-08-20,Mesonet,76,65.0,66,61,95,65,30.11,30.02,0.0,19,NE
Berkeley Twp.,NJ,2018-08-19,Mesonet,72,67.0,71,61,95,76,30.04,29.79,0.0,22,ENE
Berkeley Twp.,NJ,2018-08-18,Mesonet,89,71.0,75,67,96,51,29.91,29.74,0.76,29,WNW
Berkeley Twp.,NJ,2018-08-17,Mesonet,91,68.0,77,66,96,47,30.07,29.9,0.0,25,SSW
Berkeley Twp.,NJ,2018-08-16,Mesonet,89,69.0,72,62,93,40,30.08,29.97,0.0,15,W
Berkeley Twp.,NJ,2018-08-15,Mesonet,89,68.0,70,58,95,37,29.98,29.84,0.0,19,WSW
Berkeley Twp.,NJ,2018-08-14,Mesonet,84,65.0,72,63,97,49,29.88,29.8,0.01,26,WNW
Berkeley Twp.,NJ,2018-08-13,Mesonet,82,69.0,74,68,97,67,30.0,29.85,3.85,25,NE
Berkeley Twp.,NJ,2018-08-12,Mesonet,84,69.0,76,68,98,62,30.0,29.91,0.08,17,E
Berkeley Twp.,NJ,2018-08-11,Mesonet,81,70.0,75,67,96,69,29.96,29.84,0.53,21,SSW
Berkeley Twp.,NJ,2018-08-10,Mesonet,92,60.0,71,55,93,31,29.89,29.82,0.0,17,SSE
Berkeley Twp.,NJ,2018-08-09,Mesonet,90,69.0,73,61,93,38,29.84,29.76,0.0,21,W
Berkeley Twp.,NJ,2018-08-08,Mesonet,94,69.0,76,65,95,39,29.91,29.78,0.0,18,S
Berkeley Twp.,NJ,2018-08-07,Mesonet,90,71.0,76,69,97,50,30.02,29.88,0.0,22,S
Berkeley Twp.,NJ,2018-08-06,Mesonet,93,69.0,74,62,95,37,30.1,30.0,0.0,23,WSW
Berkeley Twp.,NJ,2018-08-05,Mesonet,93,69.0,74,59,95,34,30.15,30.07,0.0,15,S
Berkeley Twp.,NJ,2018-08-04,Mesonet,87,70.0,75,67,95,53,30.11,30.03,0.21,20,S
Berkeley Twp.,NJ,2018-08-03,Mesonet,87,72.0,77,68,96,60,30.15,30.08,0.01,32,SW
Berkeley Twp.,NJ,2018-08-02,Mesonet,90,74.0,76,67,95,47,30.11,30.04,0.0,25,WSW
Berkeley Twp.,NJ,2018-08-01,Mesonet,88,73.0,77,70,97,57,30.06,29.98,0.05,26,WSW
Berkeley Twp.,NJ,2018-07-31,Mesonet,79,62.0,71,61,96,57,30.11,30.05,0.0,16,ESE
Berkeley Twp.,NJ,2018-07-30,Mesonet,77,58.0,70,56,96,64,30.12,30.05,0.01,15,SSE
Berkeley Twp.,NJ,2018-07-29,Mesonet,84,62.0,67,51,93,33,30.1,29.98,0.0,19,W
Berkeley Twp.,NJ,2018-07-28,Mesonet,87,67.0,75,66,97,51,29.99,29.92,0.0,17,SSE
Berkeley Twp.,NJ,2018-07-27,Mesonet,88,66.0,75,64,97,53,29.99,29.91,0.1,18,SSE
Berkeley Twp.,NJ,2018-07-26,Mesonet,87,71.0,72,66,97,51,29.94,29.81,0.01,16,W
Berkeley Twp.,NJ,2018-07-25,Mesonet,80,71.0,75,70,96,77,30.07,29.84,0.73,32,SE
Berkeley Twp.,NJ,2018-07-24,Mesonet,83,75.0,74,71,91,70,30.15,30.06,0.0,30,SSE
Berkeley Twp.,NJ,2018-07-23,Mesonet,83,72.0,75,70,95,72,30.14,29.94,0.39,33,S
Berkeley Twp.,NJ,2018-07-22,Mesonet,82,69.0,75,67,95,64,29.98,29.67,0.23,38,ESE
Berkeley Twp.,NJ,2018-07-21,Mesonet,77,54.0,71,51,96,60,30.07,29.73,1.61,37,E
Berkeley Twp.,NJ,2018-07-20,Mesonet,81,52.0,68,50,95,38,30.15,30.07,0.0,17,SE
Berkeley Twp.,NJ,2018-07-19,Mesonet,80,59.0,66,50,93,37,30.1,29.95,0.0,16,SE
Berkeley Twp.,NJ,2018-07-18,Mesonet,85,63.0,70,51,98,33,29.95,29.77,0.01,20,NNE
Berkeley Twp.,NJ,2018-07-17,Mesonet,95,69.0,77,66,98,39,29.91,29.72,2.26,27,WSW
Berkeley Twp.,NJ,2018-07-16,Mesonet,95,67.0,73,63,96,36,29.98,29.88,0.0,26,SSW
Berkeley Twp.,NJ,2018-07-15,Mesonet,85,65.0,73,58,93,57,30.04,29.93,0.03,15,SW
Berkeley Twp.,NJ,2018-07-14,Mesonet,90,55.0,63,49,93,26,30.16,29.99,0.0,22,W
Berkeley Twp.,NJ,2018-07-13,Mesonet,83,52.0,65,47,95,31,30.23,30.15,0.0,15,ESE
Berkeley Twp.,NJ,2018-07-12,Mesonet,82,60.0,67,53,94,39,30.21,30.03,0.0,15,E
Berkeley Twp.,NJ,2018-07-11,Mesonet,88,66.0,68,52,90,30,30.04,29.81,0.0,18,N
Berkeley Twp.,NJ,2018-07-10,Mesonet,94,55.0,67,50,87,26,30.04,29.82,0.0,16,W
Berkeley Twp.,NJ,2018-07-09,Mesonet,86,48.0,62,46,95,32,30.25,30.04,0.0,19,SSE
Berkeley Twp.,NJ,2018-07-08,Mesonet,80,50.0,59,43,95,29,30.35,30.24,0.0,19,ENE
Berkeley Twp.,NJ,2018-07-07,Mesonet,73,52.0,56,41,93,32,30.33,30.11,0.0,26,NE
Berkeley Twp.,NJ,2018-07-06,Mesonet,81,67.0,77,56,96,64,30.14,30.0,0.91,24,NW
Berkeley Twp.,NJ,2018-07-05,Mesonet,91,67.0,78,66,97,47,30.3,30.13,0.0,22,S
Berkeley Twp.,NJ,2018-07-04,Mesonet,89,68.0,74,64,94,44,30.28,30.19,0.0,19,SSE
Berkeley Twp.,NJ,2018-07-03,Mesonet,95,72.0,77,70,96,52,30.2,30.06,0.0,17,SSE
Berkeley Twp.,NJ,2018-07-02,Mesonet,98,65.0,75,62,95,34,30.07,30.0,0.0,19,SSE
Berkeley Twp.,NJ,2018-07-01,Mesonet,98,67.0,70,61,94,31,30.05,29.97,0.0,14,WNW
Berkeley Twp.,NJ,2018-06-30,Mesonet,96,59.0,69,51,93,24,30.05,29.98,0.0,17,W
Berkeley Twp.,NJ,2018-06-29,Mesonet,91,63.0,68,52,96,27,30.0,29.83,0.0,20,NW
Berkeley Twp.,NJ,2018-06-28,Mesonet,90,70.0,74,64,96,43,29.88,29.72,0.15,21,W
Berkeley Twp.,NJ,2018-06-27,Mesonet,76,49.0,68,47,95,53,30.14,29.88,0.0,24,SSW
Berkeley Twp.,NJ,2018-06-26,Mesonet,77,50.0,62,48,97,44,30.23,30.12,0.0,24,SSE
Berkeley Twp.,NJ,2018-06-25,Mesonet,83,58.0,67,44,92,27,30.13,29.8,0.0,24,N
Berkeley Twp.,NJ,2018-06-24,Mesonet,89,64.0,72,62,99,40,29.83,29.75,0.0,22,SW
Berkeley Twp.,NJ,2018-06-23,Mesonet,69,63.0,66,61,98,85,29.91,29.77,0.02,19,ENE
Berkeley Twp.,NJ,2018-06-22,Mesonet,69,61.0,64,59,97,74,29.98,29.81,0.02,20,ESE
Berkeley Twp.,NJ,2018-06-21,Mesonet,81,65.0,69,58,97,48,29.81,29.68,0.07,15,NE
Berkeley Twp.,NJ,2018-06-20,Mesonet,83,58.0,69,55,95,44,29.87,29.73,0.0,21,S
Berkeley Twp.,NJ,2018-06-19,Mesonet,89,64.0,72,57,89,34,29.84,29.71,0.0,18,NW
Berkeley Twp.,NJ,2018-06-18,Mesonet,91,64.0,73,62,98,41,30.05,29.78,0.0,22,SSW
Berkeley Twp.,NJ,2018-06-17,Mesonet,88,55.0,65,46,94,24,30.08,29.99,0.0,18,SE
Berkeley Twp.,NJ,2018-06-16,Mesonet,83,49.0,59,37,94,21,30.04,29.96,0.0,19,SSE
Berkeley Twp.,NJ,2018-06-15,Mesonet,76,50.0,59,47,92,39,29.98,29.84,0.0,22,NNW
Berkeley Twp.,NJ,2018-06-14,Mesonet,85,57.0,71,42,92,25,29.84,29.74,0.02,31,WNW
Berkeley Twp.,NJ,2018-06-13,Mesonet,79,54.0,71,51,98,72,30.07,29.74,0.04,20,SW
Berkeley Twp.,NJ,2018-06-12,Mesonet,72,40.0,56,38,96,33,30.23,30.07,0.0,19,SSE
Berkeley Twp.,NJ,2018-06-11,Mesonet,67,47.0,56,42,99,43,30.16,29.91,3.02,22,NE
Berkeley Twp.,NJ,2018-06-10,Mesonet,70,55.0,63,45,97,42,30.06,29.95,0.89,22,E
Berkeley Twp.,NJ,2018-06-09,Mesonet,79,59.0,66,51,98,39,30.1,30.01,0.0,17,ESE
Berkeley Twp.,NJ,2018-06-08,Mesonet,82,50.0,65,49,98,33,30.15,30.06,0.0,16,S
Berkeley Twp.,NJ,2018-06-07,Mesonet,70,53.0,59,50,96,51,30.14,29.98,0.0,18,SE
Berkeley Twp.,NJ,2018-06-06,Mesonet,69,57.0,58,49,96,53,29.99,29.67,0.0,15,ENE
Berkeley Twp.,NJ,2018-06-05,Mesonet,79,44.0,59,42,98,31,29.74,29.58,0.07,32,WSW
Berkeley Twp.,NJ,2018-06-04,Mesonet,75,52.0,60,51,99,48,29.84,29.66,0.13,25,ENE
Berkeley Twp.,NJ,2018-06-03,Mesonet,67,52.0,66,48,98,67,29.97,29.81,0.68,35,ENE
Berkeley Twp.,NJ,2018-06-02,Mesonet,86,66.0,74,65,98,55,29.82,29.67,0.0,20,ENE
Berkeley Twp.,NJ,2018-06-01,Mesonet,85,65.0,73,65,99,55,29.86,29.7,0.01,16,W
Berkeley Twp.,NJ,2018-05-31,Mesonet,73,60.0,71,59,99,88,30.07,29.86,0.03,12,SE
Berkeley Twp.,NJ,2018-05-30,Mesonet,70,59.0,67,58,99,82,30.11,29.98,0.0,14,E
Berkeley Twp.,NJ,2018-05-29,Mesonet,84,59.0,72,57,98,58,30.01,29.93,0.0,13,E
Berkeley Twp.,NJ,2018-05-28,Mesonet,69,54.0,62,53,97,71,30.08,29.99,0.0,14,NE
Berkeley Twp.,NJ,2018-05-27,Mesonet,73,55.0,70,54,98,80,30.07,29.83,1.62,25,ENE
Berkeley Twp.,NJ,2018-05-26,Mesonet,91,66.0,72,59,90,36,29.85,29.75,0.0,17,WSW
Berkeley Twp.,NJ,2018-05-25,Mesonet,87,57.0,62,47,92,29,30.09,29.84,0.0,26,WSW
Berkeley Twp.,NJ,2018-05-24,Mesonet,82,55.0,58,34,92,22,30.11,29.99,0.0,18,S
Berkeley Twp.,NJ,2018-05-23,Mesonet,80,57.0,66,53,100,42,29.99,29.87,0.0,21,WNW
Berkeley Twp.,NJ,2018-05-22,Mesonet,70,47.0,61,45,99,52,30.14,29.91,0.22,18,SSE
Berkeley Twp.,NJ,2018-05-21,Mesonet,72,48.0,59,44,94,39,30.17,30.04,0.0,21,ENE
Berkeley Twp.,NJ,2018-05-20,Mesonet,84,64.0,72,59,99,51,30.04,29.91,0.04,24,WSW
Berkeley Twp.,NJ,2018-05-19,Mesonet,66,50.0,66,47,99,88,30.29,30.02,0.7,25,ENE
Berkeley Twp.,NJ,2018-05-18,Mesonet,62,51.0,62,43,99,65,30.29,30.06,0.08,35,ENE
Berkeley Twp.,NJ,2018-05-17,Mesonet,66,55.0,64,55,100,93,30.07,29.91,0.3,10,NNE
Berkeley Twp.,NJ,2018-05-16,Mesonet,66,56.0,66,56,100,93,30.06,29.94,0.73,16,ENE
Berkeley Twp.,NJ,2018-05-15,Mesonet,89,56.0,71,56,99,40,29.96,29.74,0.62,36,NW
Berkeley Twp.,NJ,2018-05-14,Mesonet,70,52.0,63,51,100,73,30.02,29.89,0.22,14,SSE
Berkeley Twp.,NJ,2018-05-13,Mesonet,55,51.0,54,50,99,93,30.13,30.0,0.15,19,ENE
Berkeley Twp.,NJ,2018-05-12,Mesonet,71,52.0,61,45,98,62,30.13,29.94,0.97,17,NE
Berkeley Twp.,NJ,2018-05-11,Mesonet,78,53.0,59,41,96,29,30.09,29.79,0.0,22,NNW
Berkeley Twp.,NJ,2018-05-10,Mesonet,74,48.0,59,47,100,41,30.07,29.76,0.0,22,SW
Berkeley Twp.,NJ,2018-05-09,Mesonet,72,39.0,52,35,99,27,30.15,30.04,0.0,23,ESE
Berkeley Twp.,NJ,2018-05-08,Mesonet,67,42.0,52,39,96,50,30.24,30.14,0.0,20,ENE
Berkeley Twp.,NJ,2018-05-07,Mesonet,72,49.0,55,45,97,40,30.16,29.88,0.0,20,ENE
Berkeley Twp.,NJ,2018-05-06,Mesonet,62,54.0,55,43,95,56,30.07,29.8,0.01,19,ENE
Berkeley Twp.,NJ,2018-05-05,Mesonet,76,58.0,61,33,69,25,30.09,29.83,0.0,21,NW
Berkeley Twp.,NJ,2018-05-04,Mesonet,89,61.0,66,56,85,33,29.96,29.78,0.0,25,SSW
Berkeley Twp.,NJ,2018-05-03,Mesonet,92,64.0,58,44,71,25,30.04,29.9,0.0,36,SW
Berkeley Twp.,NJ,2018-05-02,Mesonet,89,48.0,47,27,71,11,30.11,29.97,0.0,31,SW
Berkeley Twp.,NJ,2018-05-01,Mesonet,79,41.0,42,21,97,14,30.08,30.01,0.0,23,W
Berkeley Twp.,NJ,2018-04-30,Mesonet,61,33.0,41,20,93,24,30.05,29.93,0.0,31,W
Berkeley Twp.,NJ,2018-04-29,Mesonet,57,39.0,53,28,99,34,30.03,29.82,0.31,30,W
Berkeley Twp.,NJ,2018-04-28,Mesonet,71,42.0,56,41,100,46,29.85,29.7,0.01,24,S
Berkeley Twp.,NJ,2018-04-27,Mesonet,64,41.0,55,39,99,69,29.86,29.67,0.19,20,E
Berkeley Twp.,NJ,2018-04-26,Mesonet,68,44.0,58,37,100,33,29.85,29.56,0.05,25,W
Berkeley Twp.,NJ,2018-04-25,Mesonet,70,52.0,62,51,100,69,30.06,29.6,0.53,26,ESE
Berkeley Twp.,NJ,2018-04-24,Mesonet,63,26.0,52,24,96,37,30.39,30.06,0.0,25,SSE
Berkeley Twp.,NJ,2018-04-23,Mesonet,64,27.0,42,25,95,26,30.44,30.35,0.0,18,SSE
Berkeley Twp.,NJ,2018-04-22,Mesonet,64,26.0,34,14,90,15,30.39,30.31,0.0,22,SSE
Berkeley Twp.,NJ,2018-04-21,Mesonet,60,25.0,31,20,89,22,30.39,30.25,0.0,20,WNW
Berkeley Twp.,NJ,2018-04-20,Mesonet,53,33.0,29,20,73,30,30.33,30.0,0.0,29,NNW
Berkeley Twp.,NJ,2018-04-19,Mesonet,55,38.0,43,25,89,49,30.01,29.53,0.01,24,WNW
Berkeley Twp.,NJ,2018-04-18,Mesonet,56,32.0,39,23,81,32,29.83,29.71,0.0,27,W
Berkeley Twp.,NJ,2018-04-17,Mesonet,48,38.0,33,24,70,40,29.75,29.6,0.0,30,WSW
Berkeley Twp.,NJ,2018-04-16,Mesonet,61,41.0,60,32,100,61,30.0,29.39,1.24,47,SE
Berkeley Twp.,NJ,2018-04-15,Mesonet,45,38.0,43,38,98,92,30.24,30.0,0.47,40,ENE
Berkeley Twp.,NJ,2018-04-14,Mesonet,85,44.0,60,42,96,28,30.08,29.84,0.0,34,NE
Berkeley Twp.,NJ,2018-04-13,Mesonet,85,55.0,51,37,72,19,29.94,29.81,0.0,31,SSW
Berkeley Twp.,NJ,2018-04-12,Mesonet,71,33.0,43,29,93,24,30.08,29.82,0.0,33,SSW
Berkeley Twp.,NJ,2018-04-11,Mesonet,49,19.0,34,16,92,37,30.18,30.04,0.0,20,S
Berkeley Twp.,NJ,2018-04-10,Mesonet,50,33.0,37,21,99,33,30.16,30.07,0.01,19,NNW
Berkeley Twp.,NJ,2018-04-09,Mesonet,47,18.0,30,9,88,23,30.22,30.02,0.0,19,SSE
Berkeley Twp.,NJ,2018-04-08,Mesonet,45,23.0,29,10,77,24,30.03,29.8,0.0,23,W
Berkeley Twp.,NJ,2018-04-07,Mesonet,55,35.0,43,7,77,22,29.87,29.59,0.0,22,NNE
Berkeley Twp.,NJ,2018-04-06,Mesonet,61,24.0,44,18,94,38,30.12,29.6,0.01,34,S
Berkeley Twp.,NJ,2018-04-05,Mesonet,46,24.0,22,11,82,26,30.11,29.85,0.0,36,WNW
Berkeley Twp.,NJ,2018-04-04,Mesonet,72,40.0,62,17,100,29,29.87,29.4,0.03,41,WNW
Berkeley Twp.,NJ,2018-04-03,Mesonet,43,23.0,43,22,100,90,30.17,29.7,0.07,18,E
Berkeley Twp.,NJ,2018-04-02,Mesonet,45,27.0,36,22,100,39,30.17,29.96,0.13,27,ENE
Berkeley Twp.,NJ,2018-04-01,Mesonet,65,37.0,43,25,85,36,30.09,29.92,0.0,25,W
Berkeley Twp.,NJ,2018-03-31,Mesonet,56,27.0,34,15,93,24,30.29,30.0,0.0,26,S
Berkeley Twp.,NJ,2018-03-30,Mesonet,71,41.0,61,33,98,57,30.0,29.66,0.21,34,SW
Berkeley Twp.,NJ,2018-03-29,Mesonet,60,44.0,53,44,100,72,30.02,29.74,0.04,15,E
Berkeley Twp.,NJ,2018-03-28,Mesonet,54,35.0,45,34,100,66,30.19,29.94,0.0,14,WNW
Berkeley Twp.,NJ,2018-03-27,Mesonet,43,18.0,34,16,96,54,30.61,30.17,0.0,13,ESE
Berkeley Twp.,NJ,2018-03-26,Mesonet,43,22.0,28,16,92,33,30.67,30.54,0.0,27,ENE
Berkeley Twp.,NJ,2018-03-25,Mesonet,42,27.0,37,19,91,56,30.54,30.08,0.0,29,ENE
Berkeley Twp.,NJ,2018-03-24,Mesonet,48,28.0,26,15,82,27,30.1,29.99,0.0,20,NNW
Berkeley Twp.,NJ,2018-03-23,Mesonet,48,30.0,25,19,72,33,30.04,29.93,0.0,20,NW
Berkeley Twp.,NJ,2018-03-22,Mesonet,48,31.0,33,22,102,37,29.95,29.63,0.06,23,NW
Berkeley Twp.,NJ,2018-03-21,Mesonet,35,30.0,33,23,102,63,29.69,29.53,1.17,35,NE
Berkeley Twp.,NJ,2018-03-20,Mesonet,36,21.0,30,18,100,57,29.92,29.66,0.38,29,ENE
Berkeley Twp.,NJ,2018-03-19,Mesonet,47,21.0,27,18,93,35,29.92,29.81,0.0,16,NE
Berkeley Twp.,NJ,2018-03-18,Mesonet,47,17.0,23,2,88,21,29.92,29.77,0.0,25,NNW
Berkeley Twp.,NJ,2018-03-17,Mesonet,48,24.0,20,8,76,23,29.92,29.65,0.0,34,WSW
Berkeley Twp.,NJ,2018-03-16,Mesonet,42,28.0,25,11,82,29,29.91,29.6,0.0,36,WNW
Berkeley Twp.,NJ,2018-03-15,Mesonet,47,30.0,32,15,76,29,29.63,29.51,0.0,33,WNW
Berkeley Twp.,NJ,2018-03-14,Mesonet,40,24.0,24,16,84,40,29.71,29.51,0.0,36,W
Berkeley Twp.,NJ,2018-03-13,Mesonet,41,29.0,35,15,102,45,29.72,29.54,0.11,31,WNW
Berkeley Twp.,NJ,2018-03-12,Mesonet,42,23.0,35,20,100,71,30.03,29.67,0.03,37,NE
Berkeley Twp.,NJ,2018-03-11,Mesonet,44,19.0,24,15,89,37,30.08,30.0,0.0,20,WSW
Berkeley Twp.,NJ,2018-03-10,Mesonet,43,21.0,21,16,90,34,30.01,29.86,0.0,29,WNW
Berkeley Twp.,NJ,2018-03-09,Mesonet,42,25.0,24,16,79,40,29.87,29.7,0.0,32,W
Berkeley Twp.,NJ,2018-03-08,Mesonet,40,26.0,33,17,100,46,29.73,29.65,0.0,23,W
Berkeley Twp.,NJ,2018-03-07,Mesonet,39,32.0,38,32,102,91,29.89,29.37,2.01,39,NE
Berkeley Twp.,NJ,2018-03-06,Mesonet,46,22.0,34,18,91,47,30.03,29.87,0.02,19,E
Berkeley Twp.,NJ,2018-03-05,Mesonet,44,29.0,25,17,75,42,30.03,29.97,0.0,23,NNW
Berkeley Twp.,NJ,2018-03-04,Mesonet,45,31.0,30,13,76,37,30.09,30.01,0.0,28,NNW
Berkeley Twp.,NJ,2018-03-03,Mesonet,47,34.0,32,27,81,50,30.05,29.73,0.0,33,N
Berkeley Twp.,NJ,2018-03-02,Mesonet,45,32.0,45,28,102,80,29.74,29.24,1.36,39,NNW
Berkeley Twp.,NJ,2018-03-01,Mesonet,58,32.0,46,31,100,48,29.85,29.41,0.5,14,SE
Berkeley Twp.,NJ,2018-02-28,Mesonet,62,32.0,38,25,81,32,30.2,29.84,0.0,30,WSW
Berkeley Twp.,NJ,2018-02-27,Mesonet,56,23.0,34,20,98,25,30.39,30.19,0.0,17,S
Berkeley Twp.,NJ,2018-02-26,Mesonet,50,30.0,44,27,100,46,30.23,29.99,0.01,15,NW
Berkeley Twp.,NJ,2018-02-25,Mesonet,46,42.0,46,41,100,96,30.14,29.84,0.63,24,E
Berkeley Twp.,NJ,2018-02-24,Mesonet,48,42.0,48,42,100,90,30.16,30.08,0.08,19,WSW
Berkeley Twp.,NJ,2018-02-23,Mesonet,43,37.0,43,34,100,88,30.61,30.15,0.07,21,ENE
Berkeley Twp.,NJ,2018-02-22,Mesonet,60,37.0,52,33,97,47,30.6,30.35,0.02,31,ENE
Berkeley Twp.,NJ,2018-02-21,Mesonet,78,56.0,63,52,100,53,30.36,30.2,0.0,33,SW
Berkeley Twp.,NJ,2018-02-20,Mesonet,76,51.0,58,51,100,50,30.32,30.24,0.0,25,SW
Berkeley Twp.,NJ,2018-02-19,Mesonet,54,22.0,52,21,100,58,30.49,30.28,0.0,22,SSW
Berkeley Twp.,NJ,2018-02-18,Mesonet,45,22.0,33,21,102,44,30.49,29.91,0.0,19,W
Berkeley Twp.,NJ,2018-02-17,Mesonet,39,25.0,33,14,101,45,30.36,29.94,0.68,22,SSE
Berkeley Twp.,NJ,2018-02-16,Mesonet,60,36.0,58,18,100,46,30.15,29.54,0.12,27,NNW
Berkeley Twp.,NJ,2018-02-15,Mesonet,59,44.0,56,42,99,79,30.03,29.63,0.16,16,WSW
Berkeley Twp.,NJ,2018-02-14,Mesonet,58,31.0,43,26,91,47,30.53,30.03,0.01,19,SW
Berkeley Twp.,NJ,2018-02-13,Mesonet,35,23.0,27,11,81,38,30.79,30.52,0.0,18,ESE
Berkeley Twp.,NJ,2018-02-12,Mesonet,62,27.0,62,19,99,42,30.62,29.89,0.03,21,NNW
Berkeley Twp.,NJ,2018-02-11,Mesonet,62,50.0,61,50,100,96,30.07,29.82,1.24,39,W
Berkeley Twp.,NJ,2018-02-10,Mesonet,62,28.0,54,27,100,61,30.35,29.99,0.53,29,SW
Berkeley Twp.,NJ,2018-02-09,Mesonet,38,13.0,30,11,95,44,30.56,30.34,0.0,20,S
Berkeley Twp.,NJ,2018-02-08,Mesonet,36,16.0,34,10,90,38,30.46,30.05,0.0,21,N
Berkeley Twp.,NJ,2018-02-07,Mesonet,53,17.0,52,16,100,79,30.44,29.8,0.59,36,SSW
Berkeley Twp.,NJ,2018-02-06,Mesonet,41,16.0,28,13,97,53,30.46,30.25,0.0,18,W
Berkeley Twp.,NJ,2018-02-05,Mesonet,39,17.0,39,9,101,35,30.29,29.6,0.0,30,NNW
Berkeley Twp.,NJ,2018-02-04,Mesonet,49,27.0,49,14,100,57,30.34,29.57,0.72,27,WNW
Berkeley Twp.,NJ,2018-02-03,Mesonet,32,6.0,18,-1,86,30,30.45,30.32,0.0,23,WSW
Berkeley Twp.,NJ,2018-02-02,Mesonet,40,16.0,38,-2,99,37,30.35,29.76,0.1,30,NW
Berkeley Twp.,NJ,2018-02-01,Mesonet,46,28.0,38,22,93,45,30.02,29.76,0.01,17,SSW
Berkeley Twp.,NJ,2018-01-31,Mesonet,34,14.0,22,3,76,29,30.3,30.01,0.0,21,NW
Berkeley Twp.,NJ,2018-01-30,Mesonet,35,22.0,34,9,101,56,30.15,29.89,0.04,29,NW
Berkeley Twp.,NJ,2018-01-29,Mesonet,43,34.0,42,28,97,60,30.18,29.93,0.01,34,NE
Berkeley Twp.,NJ,2018-01-28,Mesonet,56,43.0,51,42,99,68,30.24,30.16,0.37,29,SW
Berkeley Twp.,NJ,2018-01-27,Mesonet,60,17.0,45,15,100,43,30.57,30.21,0.0,38,SW
Berkeley Twp.,NJ,2018-01-26,Mesonet,42,9.0,20,1,92,24,30.69,30.53,0.0,15,SSE
Berkeley Twp.,NJ,2018-01-25,Mesonet,35,13.0,17,5,89,29,30.54,30.09,0.0,23,NNW
Berkeley Twp.,NJ,2018-01-24,Mesonet,44,29.0,32,17,97,40,30.12,29.74,0.0,34,WNW
Berkeley Twp.,NJ,2018-01-23,Mesonet,59,35.0,58,30,99,63,29.97,29.49,0.4,32,SSW
Berkeley Twp.,NJ,2018-01-22,Mesonet,61,34.0,43,32,97,50,30.15,29.97,0.0,15,ENE
Berkeley Twp.,NJ,2018-01-21,Mesonet,54,25.0,38,23,96,49,30.16,30.02,0.0,20,NW
Berkeley Twp.,NJ,2018-01-20,Mesonet,55,26.0,30,16,89,33,30.03,29.83,0.0,29,WNW
Berkeley Twp.,NJ,2018-01-19,Mesonet,45,11.0,20,9,93,30,30.07,29.94,0.0,23,W
Berkeley Twp.,NJ,2018-01-18,Mesonet,33,15.0,14,5,88,33,30.14,29.89,0.0,28,NW
Berkeley Twp.,NJ,2018-01-17,Mesonet,36,20.0,35,11,101,66,30.25,30.12,0.14,19,WNW
Berkeley Twp.,NJ,2018-01-16,Mesonet,42,22.0,34,21,98,68,30.46,30.25,0.0,13,SE
Berkeley Twp.,NJ,2018-01-15,Mesonet,32,13.0,26,4,92,64,30.59,30.4,0.0,27,NE
Berkeley Twp.,NJ,2018-01-14,Mesonet,26,12.0,6,-4,72,27,30.62,30.35,0.0,19,NNW
Berkeley Twp.,NJ,2018-01-13,Mesonet,59,19.0,58,4,100,47,30.36,29.3,0.11,31,WSW
Berkeley Twp.,NJ,2018-01-12,Mesonet,63,52.0,62,52,100,95,30.14,29.5,0.24,35,SSW
Berkeley Twp.,NJ,2018-01-11,Mesonet,60,35.0,53,33,100,68,30.37,30.14,0.0,17,S
Berkeley Twp.,NJ,2018-01-10,Mesonet,43,9.0,34,7,96,58,30.47,30.34,0.0,14,SE
Berkeley Twp.,NJ,2018-01-09,Mesonet,44,17.0,33,15,101,44,30.35,30.0,0.0,20,NNW
Berkeley Twp.,NJ,2018-01-08,Mesonet,36,5.0,32,1,99,32,30.37,30.01,0.02,26,SW
Berkeley Twp.,NJ,2018-01-07,Mesonet,20,-7.0,2,-15,76,29,30.6,30.37,0.0,17,SW
Berkeley Twp.,NJ,2018-01-06,Mesonet,15,5.0,-5,-15,56,33,30.44,30.08,0.0,37,NW
Berkeley Twp.,NJ,2018-01-05,Mesonet,16,9.0,3,-7,60,40,30.09,29.58,0.0,38,W
Berkeley Twp.,NJ,2018-01-04,Mesonet,30,15.0,25,2,100,55,29.88,29.19,0.65,36,NW
Berkeley Twp.,NJ,2018-01-03,Mesonet,33,-5.0,17,-8,89,18,30.33,29.88,0.0,14,SSE
Berkeley Twp.,NJ,2018-01-02,Mesonet,25,6.0,8,-1,78,41,30.43,30.31,0.0,24,W
Berkeley Twp.,NJ,2018-01-01,Mesonet,18,-1.0,1,-7,79,33,30.39,30.3,0.0,26,NNW
Berkeley Twp.,NJ,2017-12-31,Mesonet,18,7.0,10,-5,75,40,30.31,30.05,0.0,23,WNW
Berkeley Twp.,NJ,2017-12-30,Mesonet,23,3.0,21,0,99,74,30.24,29.86,,14,WNW
Berkeley Twp.,NJ,2017-12-29,Mesonet,23,4.0,6,-5,88,34,30.41,30.17,0.0,21,W
Berkeley Twp.,NJ,2017-12-28,Mesonet,20,4.0,3,-10,76,27,30.56,30.4,0.0,23,NW
Berkeley Twp.,NJ,2017-12-27,Mesonet,27,10.0,9,-3,82,31,30.49,30.38,0.0,20,NW
Berkeley Twp.,NJ,2017-12-26,Mesonet,31,15.0,13,-5,80,23,30.43,30.23,0.0,28,W
Berkeley Twp.,NJ,2017-12-25,Mesonet,46,28.0,46,4,100,32,30.24,29.62,0.06,41,W
Berkeley Twp.,NJ,2017-12-24,Mesonet,44,31.0,44,28,99,57,30.18,29.75,0.06,22,ENE
Berkeley Twp.,NJ,2017-12-23,Mesonet,57,41.0,56,38,100,84,30.07,29.58,0.25,33,SSW
Berkeley Twp.,NJ,2017-12-22,Mesonet,51,21.0,43,19,93,69,30.25,30.06,0.0,14,S
Berkeley Twp.,NJ,2017-12-21,Mesonet,42,17.0,22,14,92,39,30.25,30.01,0.0,12,NNE
Berkeley Twp.,NJ,2017-12-20,Mesonet,49,20.0,36,16,89,31,30.01,29.72,0.0,24,WNW
Berkeley Twp.,NJ,2017-12-19,Mesonet,58,32.0,41,31,97,41,29.93,29.73,0.0,30,W
Berkeley Twp.,NJ,2017-12-18,Mesonet,51,32.0,40,30,98,50,30.12,29.92,0.0,14,W
Berkeley Twp.,NJ,2017-12-17,Mesonet,43,26.0,33,23,96,62,30.24,30.12,0.0,10,ENE
Berkeley Twp.,NJ,2017-12-16,Mesonet,42,14.0,28,14,99,49,30.16,29.9,0.0,28,W
Berkeley Twp.,NJ,2017-12-15,Mesonet,26,13.0,22,7,99,50,30.09,29.86,0.14,9,NNW
Berkeley Twp.,NJ,2017-12-14,Mesonet,34,14.0,30,11,101,47,30.08,29.46,0.04,24,WNW
Berkeley Twp.,NJ,2017-12-13,Mesonet,31,19.0,23,0,98,32,29.69,29.47,0.01,39,W
Berkeley Twp.,NJ,2017-12-12,Mesonet,52,25.0,41,7,97,42,29.89,29.4,0.0,34,WNW
Berkeley Twp.,NJ,2017-12-11,Mesonet,42,23.0,32,20,100,42,30.02,29.88,0.0,19,WNW
Berkeley Twp.,NJ,2017-12-10,Mesonet,38,26.0,30,24,102,58,30.01,29.71,0.0,20,W
Berkeley Twp.,NJ,2017-12-09,Mesonet,33,29.0,30,20,102,59,29.95,29.66,0.27,12,NNW
Berkeley Twp.,NJ,2017-12-08,Mesonet,38,27.0,27,15,93,40,30.08,29.93,0.0,12,W
Berkeley Twp.,NJ,2017-12-07,Mesonet,46,27.0,28,19,90,37,30.03,29.94,0.0,23,W
Berkeley Twp.,NJ,2017-12-06,Mesonet,59,32.0,59,11,98,28,30.02,29.78,0.01,32,WNW
Berkeley Twp.,NJ,2017-12-05,Mesonet,65,34.0,59,33,98,71,30.33,29.79,0.28,28,SSW
